,NAMES,AREA,LOCALITY,ZONE N PERSON,NOTE,USP, ,LOWS - DONT DISCLOSE,Pics,PRICE,LOCATION,FOOD ,Drive Link,exact name,exact location,group name,,manager number ,mng name,owner name & number,,,,,url
,,,,,,,,,,minimum 3 months mostly ,,1 month deposit ,,,,,,,,,,,,,
1,FORUM PRO BOYS,koramangla,"silk board, Koramangala, sg palya, MG road,  nexus",KORA,,"great property, newly, gYM, GAMES,",10,T 11 / D 15/ S 22,0,"""⚡️ Welcome to Gharpayy FORUM PRO BOYS - BOYS! ⚡️ ❤️ We're thrilled you loved our rooms.🚀 *Exclusive Offer Alert:* **2K OFF MONTHLY** 

🧡Triple Sharing. - ~Was 15K~, **now only 13k!*
💛Dual Sharing. - ~Originally 18K~, **now just 16K!*
❤️Private rooms - ~Formerly 27k~, **now specially priced at 23K!*

💥 Act Fast: Lock in your reservation NOW and save 2000+ RS every month on a 12-month stay! *Offer expires in 4 hours. *Prebook* now for just 20k!*🔥   enjoy complimentary good food.""","📍GHARPAYY FORUM-PRO!!!
🚀 Attention: Pre-Booking Required! enjoy a seamless experience upon arrival! 

🎯DESTINATION : https://maps.app.goo.gl/FYuooqoSNE6uyZVQ7

Secure your spot before you regret it! See you soon in Bangalore!🏃‍♂️💨
",4 times veg only,https://drive.google.com/drive/folders/1LiKB5MQIXyct3w_dA-M6vPZUNNS-HgqO,kalpavriksha ,https://maps.app.goo.gl/CDmFo9KYX3Ds7anv7,na,,8296124422,,klp,,,,,"https://www.google.com/maps/place/Kalpavriksha+Student+Housing,+Unit+4/@12.932573,77.6083613,17z/data=!3m1!4b1!4m6!3m5!1s0x3bae15ae5fb8de13:0x662c0a7a9b75b844!8m2!3d12.932573!4d77.6109362!16s%2Fg%2F11s56lt2yr?entry=tts&g_ep=EgoyMDI1MDExMC4wIPu8ASoASAFQAw%3D%3D"
1,FORUM 1 BOYS,koramangla,"silk board, Koramangala, sg palya, MG road,  nexus",,,"great property, newly, gYM, GAMES,",10,T 10/ D14/ S21,ooo,"""⚡️ Welcome to Gharpayy FORUM BOYS - BOYS! ⚡️ ❤️ We're thrilled you loved our rooms.🚀 *Exclusive Offer Alert:* **2K OFF MONTHLY** 

🧡Triple Sharing. - ~Was 14k~, **now only 12k!*
💛Dual Sharing. - ~Originally 17k~, **now just 15k!*
❤️Private rooms - ~Formerly 27k~, **now specially priced at 24k!*

💥 Act Fast: Lock in your reservation NOW and save 2000+ RS every month on a 12-month stay! *Offer expires in 4 hours. *Prebook* now for just 20k!*🔥   enjoy complimentary good food.""","📍GHARPAYY FORUM 1
🚀 Attention: Pre-Booking Required! enjoy a seamless experience upon arrival! 

🎯DESTINATION : https://maps.app.goo.gl/FYuooqoSNE6uyZVQ7

Secure your spot before you regret it! See you soon in Bangalore!🏃‍♂️💨
",4 times veg only,,kalpavriksha,https://maps.app.goo.gl/CDmFo9KYX3Ds7anv7,na,,7275630428,,klp,,,,,"https://www.google.com/maps/place/Kalpavriksha+Student+Housing,+Unit+4/@12.932573,77.6083613,17z/data=!3m1!4b1!4m6!3m5!1s0x3bae15ae5fb8de13:0x662c0a7a9b75b844!8m2!3d12.932573!4d77.6109362!16s%2Fg%2F11s56lt2yr?entry=tts&g_ep=EgoyMDI1MDExMC4wIPu8ASoASAFQAw%3D%3D"
1,GT GIRLS,koramangla,"silk board, Koramangala, sg palya, MG road,  nexus",,,"great property, newly, gYM, GAMES,BEST GIRLS PROPERTY IN KORAMANGALA",20, D  15/  / S 24 /  ±2k,.,"⚡️ Welcome to Gharpayy GT GIRLS! ⚡️ ❤️ We're thrilled you loved our rooms.🚀 *Exclusive Offer Alert:* **2K OFF MONTHLY** 


💛Dual Sharing. - ~Originally 17k~, **now just 15k!*
❤️Private rooms - ~Formerly 27k~, **now specially priced at 24k!*

💥 Act Fast: Lock in your reservation NOW and save 2000+ RS every month on a 12-month stay! *Offer expires in 4 hours. *Prebook* now for just 20k!*🔥   enjoy complimentary good food.","📍GHARPAYY  GT GIRLS
🚀 Attention: Pre-Booking Required! enjoy a seamless experience upon arrival! 

🎯DESTINATION : https://maps.app.goo.gl/aCdXQorPaPbkstsc6

Secure your spot before you regret it! See you soon in Bangalore!🏃‍♂️💨
",4 times veg only,,my roomie lavender,,,,,,,,,,,
1,ESPLANADE GIRLS,koramangla,"silk board, Koramangala, sg palya, MG road,  nexus",,,"great property, newly, gYM, GAMES,BEST GIRLS PROPERTY IN KORAMANGALA",20,T 20/ D  22 / D AC 26 / S 35 / S AC 39,.,"⚡️ Welcome to Gharpayy ESPLANADE GIRLS! ⚡️ ❤️ We're thrilled you loved our rooms.🚀 *Exclusive Offer Alert:* **4K OFF MONTHLY** 

🧡Triple Sharing. - ~Was 25k~, **now only 21k!*
💛Dual Sharing. - ~Originally 28k~, **now just 24k!*
💛Dual Sharing AC. - ~Originally 32k~, **now just 28k!*
❤️Private rooms - ~Formerly 41k~, **now specially priced at 37k!*
❤️Private rooms AC - ~Formerly 45k~, **now specially priced at 41k!*

💥 Act Fast: Lock in your reservation NOW and save 2000+ RS every month on a 12-month stay! *Offer expires in 4 hours. *Prebook* now for just 25k!*🔥   enjoy complimentary good food.","📍GHARPAYY  ESPLANADE GIRLS
🚀 Attention: Pre-Booking Required! enjoy a seamless experience upon arrival! 

🎯DESTINATION : https://maps.app.goo.gl/aCdXQorPaPbkstsc6

Secure your spot before you regret it! See you soon in Bangalore!🏃‍♂️💨
",4 times veg only,,kalpavriksha GARDENIA,https://maps.app.goo.gl/rGeVSJxVUQskZS5M7,,,6364800803,priyanka,,,,,,
1,GQ girl,koramangla,"NEXUS,IBC knowledge,  baneraghata road,  5km , dairy circle, jayanagar,  jp",,,"super close to everything , common area , good pg food  , next to mall",20,D 16/ S24,"Yep,  _*EAGER TO SEE THE ACCOMMODATION ?*_ 👀 

 *GHARPAYY - GQ GIRLS*  👉👉 https://stays.gharpayy.in/view?file=GQ%20GIRLS.pdf ♥️
> FULLY FURNISHED WITH    FOOD & GREAT AMENITIES. IT'S HAND-PICKED FOR YOU 🔑 PREBOOK & UNLOCK DISCOUNTS 

*RATE OUT OF 10 ?* 🫢👌
 
> OR ASK QUESTIONS,  SO, WE CAN UNDERSTAND YOUR NEEDS ASAP & GET BEST ACCOMMODATION. 

Click To See - REFER N EARN
","⚡️ Welcome to Gharpayy GQ - GIRLS! ⚡️ ❤️ We're thrilled you loved our rooms.🚀 *Exclusive Offer Alert:* **2K OFF MONTHLY** 

💛Dual Sharing. - ~Originally 19k~, **now just 17k!*
❤️Private rooms - ~Formerly 27k~, **now specially priced at 25k!*

💥 Act Fast: Lock in your reservation NOW and save 2000+ RS every month on a 12-month stay! *Offer expires in 4 hours. *Prebook* now for just 20k!*🔥   enjoy complimentary good food.","📍GHARPAYY GQ GIRLS

🚀 Attention: Pre-Booking Required!   _enjoy a seamless experience upon arrival!_ 

🎯DESTINATION [https://maps.app.goo.gl/cokeKf8enryASuxP9 ]

 _secure your spot before you regret it! See you soon in Bangalore!_🏃‍♂️💨",4 times veg only,https://drive.google.com/drive/folders/10nEjMHRUvEbky7EP8cyhHsfCEdw81Uqo,My Home Grandeur,https://maps.app.goo.gl/LmzGmeE7NbtqyWvNA,My home-gharpayy,,8884449621,,supriya,,,,,"https://www.google.com/maps/place/My+Home+Grandeur/@12.933847,77.6052049,1142m/data=!3m2!1e3!4b1!4m6!3m5!1s0x3bae150027a33c3f:0x984609440dee8847!8m2!3d12.933847!4d77.6077798!16s%2Fg%2F11v_4vc4_b?entry=tts&g_ep=EgoyMDI1MDUxMy4xIPu8ASoASAFQAw%3D%3D&skid=61ed4eb5-9b75-4e3b-8c2a-d5a18cd19daf"
1,homely GIRLS,koramangla,"silk board, Koramangala, sg palya, MG road,  nexus",,,"great property, newly, gYM, GAMES,",20,T 14/ D 16/S 24,"Yep,  _*EAGER TO SEE THE ACCOMMODATION ?*_ 👀 

 *GHARPAYY - HOMELY FORUM G*  👉👉 https://stays.gharpayy.in/view?file=HOMELY%20FORUM%20G.pdf  ♥️
> FULLY FURNISHED WITH    FOOD & GREAT AMENITIES. IT'S HAND-PICKED FOR YOU 🔑 PREBOOK & UNLOCK DISCOUNTS 

*RATE OUT OF 10 ?* 🫢👌
 
> OR ASK QUESTIONS,  SO, WE CAN UNDERSTAND YOUR NEEDS ASAP & GET BEST ACCOMMODATION. 

Click To See - REFER N EARN
","""⚡️ Welcome to Gharpayy HOMELY GIRLS! ⚡️ ❤️ We're thrilled you loved our rooms.🚀 *Exclusive Offer Alert:* **2K OFF MONTHLY** 

🧡Triple Sharing. - ~Was 16k~, **now only 14k!*
💛Dual Sharing. - ~Originally 19k~, **now just 17k!*
❤️Private rooms - ~Formerly 27k~, **now specially priced at 24k!*

💥 Act Fast: Lock in your reservation NOW and save 2000+ RS every month on a 12-month stay! *Offer expires in 4 hours. *Prebook* now for just 20k!*🔥   enjoy complimentary good food.""","📍GHARPAYY  HOMELY GIRLS
🚀 Attention: Pre-Booking Required! enjoy a seamless experience upon arrival! 

🎯DESTINATION : https://maps.app.goo.gl/FYuooqoSNE6uyZVQ7

Secure your spot before you regret it! See you soon in Bangalore!🏃‍♂️💨
",4 times veg only,,kalpavriksha,https://maps.app.goo.gl/cZ7Z8V7SC4fdYXSG6,klp 1 girls,,6364800803,priyanka,,,,,,
1,AFFO GIRLS NV,koramangla,"IBC knowledge,  baneraghata road,  5km , dairy circle, jayanagar,  jp",,,"super close to everything , common area , good pg food  , next to mall",20,D 11/ S 20,"Yep,  _*EAGER TO SEE THE ACCOMMODATION ?*_ 👀 

 *GHARPAYY - AFFO GIRLS*  👉👉 https://stays.gharpayy.in/view?file=GG%20AFFO%20GIRLS%20K.pdf  ♥️
> FULLY FURNISHED WITH    FOOD & GREAT AMENITIES. IT'S HAND-PICKED FOR YOU 🔑 PREBOOK & UNLOCK DISCOUNTS 

*RATE OUT OF 10 ?* 🫢👌
 
> OR ASK QUESTIONS,  SO, WE CAN UNDERSTAND YOUR NEEDS ASAP & GET BEST ACCOMMODATION. 

Click To See - REFER N EARN","⚡️ Welcome to Gharpayy AFFO - GIRLS! ⚡️ ❤️ We're thrilled you loved our rooms.🚀 *Exclusive Offer Alert:* **2K OFF MONTHLY** 

💛Dual Sharing. - ~Originally 15k~, **now just 12.5k!*
❤️Private rooms - ~Formerly 27k~, **now specially priced at 22k!*

💥 Act Fast: Lock in your reservation NOW and save 2000+ RS every month on a 3-month stay! *Offer expires in 4 hours. *Prebook* now for just 3k!*🔥   enjoy complimentary good food. NON VEG TOO","📍GHARPAYY AFFO GIRLS

🚀 Attention: Pre-Booking Required!   _enjoy a seamless experience upon arrival!_ 

🎯DESTINATION [https://maps.app.goo.gl/4h5a93JbPuD5ezUs7 ]

 _secure your spot before you regret it! See you soon in Bangalore!_🏃‍♂️💨",4 times veg only,,class house,https://maps.app.goo.gl/mGcCjQ57qNFXpyfF9,gg Madhavi homes cl layout,,9032867594,,,7892014576,Sandeep,Adler near faith manager,,
1,homely BOYS,koramangla,"silk board, Koramangala, sg palya, MG road,  nexus",,,"great property, newly, gYM, GAMES,",20,T 14/ D 16/S 24,"Yep,  _*EAGER TO SEE THE ACCOMMODATION ?*_ 👀 

 *GHARPAYY - HOMELY FORUM B*  👉👉 https://stays.gharpayy.in/view?file=HOMELY%20FORUM%20B.pdf  ♥️
> FULLY FURNISHED WITH    FOOD & GREAT AMENITIES. IT'S HAND-PICKED FOR YOU 🔑 PREBOOK & UNLOCK DISCOUNTS 

*RATE OUT OF 10 ?* 🫢👌
 
> OR ASK QUESTIONS,  SO, WE CAN UNDERSTAND YOUR NEEDS ASAP & GET BEST ACCOMMODATION. 

Click To See - REFER N EARN
","""⚡️ Welcome to Gharpayy HOMELY BOYS! ⚡️ ❤️ We're thrilled you loved our rooms.🚀 *Exclusive Offer Alert:* **2K OFF MONTHLY** 

🧡Triple Sharing. - ~Was 16k~, **now only 14k!*
💛Dual Sharing. - ~Originally 19k~, **now just 17k!*
❤️Private rooms - ~Formerly 27k~, **now specially priced at 24k!*

💥 Act Fast: Lock in your reservation NOW and save 2000+ RS every month on a 12-month stay! *Offer expires in 4 hours. *Prebook* now for just 20k!*🔥   enjoy complimentary good food.""","📍GHARPAYY HOMELY BOYS
🚀 Attention: Pre-Booking Required! enjoy a seamless experience upon arrival! 

🎯DESTINATION : https://maps.app.goo.gl/FYuooqoSNE6uyZVQ7

Secure your spot before you regret it! See you soon in Bangalore!🏃‍♂️💨
",4 times veg only,,kalpavriksha,https://maps.app.goo.gl/cZ7Z8V7SC4fdYXSG6,klp ,,6364800803,priyanka,,,,,,"https://www.google.com/maps/place/Kalpavriksha+Student+Housing/@12.9327381,77.6080763,1106m/data=!3m1!1e3!4m7!3m6!1s0x3bae15cf1f12b37f:0x3865eb781280be5!8m2!3d12.9328928!4d77.6103663!15sCsIBS2FscGF2cmlrc2hhIFN0dWRlbnQgSG91c2luZywgNDgtNDksIEthbHBhdnJpa3NoYSBTdHVkZW50IEhvdXNpbmcsIEJodXZhbmFwcGEgTGF5b3V0LCBUYXZhcmVrZXJlIE1haW4gUmQsIG9wcC4gTmV4dXMgTWFsbCBQYXJraW5nLCBUYXZhcmVrZXJlLCBLYXZlcmkgTGF5b3V0LCBBZHVnb2RpLCBCZW5nYWx1cnUsIEthcm5hdGFrYSA1NjAwMjlaugEitwFrYWxwYXZyaWtzaGEgc3R1ZGVudCBob3VzaW5nIDQ4IDQ5IGthbHBhdnJpa3NoYSBzdHVkZW50IGhvdXNpbmcgYmh1dmFuYXBwYSBsYXlvdXQgdGF2YXJla2VyZSBtYWluIHJkIG9wcCBuZXh1cyBtYWxsIHBhcmtpbmcgdGF2YXJla2VyZSBrYXZlcmkgbGF5b3V0IGFkdWdvZGkgYmVuZ2FsdXJ1IGthcm5hdGFrYSA1NjAwMjmSARFzdHVkZW50X2Rvcm1pdG9yeZoBI0NoWkRTVWhOTUc5blMwVkpRMEZuU1VReU5sQTJNRkZuRUFF4AEA-gEECAAQKw!16s%2Fg%2F11p02mlmd2!5m1!1e1?entry=tts&g_ep=EgoyMDI1MTIwMi4wIPu8ASoASAFQAw%3D%3D&skid=38d3fef4-a729-4530-a2c4-60b13974bae8"
1,G Forum GIRLS,koramangla,"IBC knowledge,  baneraghata road,  5km , dairy circle, jayanagar,  jp",,,"super close to everything , common area , good pg food  , next to mall",2,D 13,"Yep,  _*EAGER TO SEE THE ACCOMMODATION ?*_ 👀 

 *GHARPAYY - HOMELY FORUM G*  👉👉 https://stays.gharpayy.in/view?file=HOMELY%20FORUM%20G.pdf  ♥️
> FULLY FURNISHED WITH    FOOD & GREAT AMENITIES. IT'S HAND-PICKED FOR YOU 🔑 PREBOOK & UNLOCK DISCOUNTS 

*RATE OUT OF 10 ?* 🫢👌
 
> OR ASK QUESTIONS,  SO, WE CAN UNDERSTAND YOUR NEEDS ASAP & GET BEST ACCOMMODATION. 

Click To See - REFER N EARN
","⚡️ Welcome to Gharpayy FORUM - GIRLS! ⚡️ ❤️ We're thrilled you loved our rooms.🚀 *Exclusive Offer Alert:* **2K OFF MONTHLY** 

💛Dual Sharing. - ~Originally 16k~, **now just 14k!*
❤️Private rooms - ~Formerly 24k~, **now specially priced at 22k!*

💥 Act Fast: Lock in your reservation NOW and save 2000+ RS every month on a 12-month stay! *Offer expires in 4 hours. *Prebook* now for just 20k!*🔥   enjoy complimentary good food.","📍GHARPAYY FORUM GIRLS

🚀 Attention: Pre-Booking Required!   _enjoy a seamless experience upon arrival!_ 

🎯DESTINATION [https://maps.app.goo.gl/rSsdLXmWjA3CwbES7 ]

 _secure your spot before you regret it! See you soon in Bangalore!_🏃‍♂️💨",4 times veg only,,class house,https://maps.app.goo.gl/mGcCjQ57qNFXpyfF9,na,,8800887053,,prasad,9606631307,,,,"https://www.google.com/maps/place/TURN+STYLE/@12.9352598,77.6093281,201m/data=!3m1!1e3!4m12!1m5!3m4!2zMTLCsDU2JzA3LjIiTiA3N8KwMzYnMzIuOSJF!8m2!3d12.935324!4d77.609126!3m5!1s0x3bae144d39eb268d:0xb59377bc510df49f!8m2!3d12.9354651!4d77.6090131!16s%2Fg%2F1ptxlt8kk!5m1!1e1?entry=ttu&g_ep=EgoyMDI1MTIwMi4wIKXMDSoASAFQAw%3D%3D"
1,jack coed,koramangla,"coed , 5km from nexus ",,,"jack of all trades - best pg, super big almirah,  wakefit matress, snooker, chesss, carrom ",4,D 16/ S25,"Yep,  _*EAGER TO SEE THE ACCOMMODATION ?*_ 👀 

 *GHARPAYY - JACK COED*  👉👉 https://stays.gharpayy.in/view?file=GG%20JACK%20COED%20K.pdf  ♥️
> FULLY FURNISHED WITH    FOOD & GREAT AMENITIES. IT'S HAND-PICKED FOR YOU 🔑 PREBOOK & UNLOCK DISCOUNTS 

*RATE OUT OF 10 ?* 🫢👌
 
> OR ASK QUESTIONS,  SO, WE CAN UNDERSTAND YOUR NEEDS ASAP & GET BEST ACCOMMODATION. 

Click To See - REFER N EARN","⚡️ Welcome to Gharpayy JACK - COED! ⚡️ ❤️ We're thrilled you loved our rooms.🚀 *Exclusive Offer Alert:* **4K OFF MONTHLY** 

🧡Triple Sharing. - ~Was 19k~, **now only 15k!*
💛Dual Sharing. - ~Originally 22k~, **now just 18k!*


💥 Act Fast: Lock in your reservation NOW and save 2000+ RS every month on a 12-month stay! *Offer expires in 4 hours. *Prebook* now for just 20k!*🔥   enjoy complimentary good food.","📍GHARPAYY JACK- COED!
🚀 Attention: Pre-Booking Required!   _enjoy a seamless experience upon arrival!_ 

🎯DESTINATION [https://maps.app.goo.gl/iFrPomz1xsdUjkGP9 ]

 _secure your spot before you regret it! See you soon in Bangalore!_🏃‍♂️💨
",4 times veg only,,euphoria,https://maps.app.goo.gl/EzH4oVuGmQD63iLq9,class building,,8951598703,sunil,madhu,,,,,"https://www.google.com/maps/place/Puzzles+Living+Euphoria+House,+Papamma+Residency,+2%2F3+-+15%2F2,+1st+Main+Rd,+Tavarekere,+Chikka+Adugodi,+S.G.+Palya,+Bengaluru,+Karnataka+560029/data=!4m2!3m1!1s0x3bae1569b041fb4d:0x280190f418005ec0?utm_source=mstt_1&entry=gps&lucs=,47075915,47084387&g_ep=CAESCjExLjExOS4xMDEYACDXggMqEiw0NzA3NTkxNSw0NzA4NDM4N0ICSU4%3D"
,WYSE GIRLS,"KORAMANGALA
SG PALYA
THAVKHERE","CHRIST CENTRAL
IBC KNOWLEDGE PARK",,,FLAT SETUP,,18/28,,"""⚡️ Welcome to Gharpayy WYSE GIRLS! ⚡️ ❤️ We're thrilled you loved our rooms.🚀 Exclusive Offer Alert: *2K OFF MONTHLY* 


💛Dual Sharing. - ~Originally 21 k~, *now just 19 k!
❤️Private rooms - ~Formerly 33 k~, *now specially priced at 31 k!

💥 Act Fast: Lock in your reservation NOW and save 2000+ RS every month on a 3-month stay! *Offer expires in few hours. *Prebook* now for just 5k!*🔥   enjoy complimentary good food.""""""","""📍GHARPAYY WYSE GIRLS!
 🚀 Attention: Pre-Booking Required!   enjoy a seamless experience upon arrival! 

🎯DESTINATION [https://maps.app.goo.gl/NJqLFowfyQBx4San9]

Secure your spot before you regret it! See you soon in Bangalore!🏃‍♂️💨""",3 TIMES VEG/NON VEG,,73 We lost the name,https://maps.app.goo.gl/bDDsgSJaZeTe4tdC9,,,,,,,,,,"https://www.google.com/maps/place/73+WE+LOST+THE+NAME+LADIES+PG/@12.9309659,77.6024404,1102m/data=!3m2!1e3!4b1!4m6!3m5!1s0x3bae1577dc9344e7:0x155e9d9c21881a!8m2!3d12.9309659!4d77.6024404!16s%2Fg%2F11xg4n5m_h?entry=tts&g_ep=EgoyMDI1MDkxMC4wIPu8ASoASAFQAw%3D%3D&skid=110e1b08-fd01-4840-b9f7-8ee42de6d181"
1,XOLD FLATLIKE COED ,koramangla,"silk board, Koramangala, sg palya, MG road,  nexus",,,"flat type setup with sofa n fridge tv, 2W parking , daily cleaning. ",10,T 10/ D14,0,"⚡️ Welcome to Gharpayy XOLD FLATLIKE COED! ⚡️ ❤️ We're thrilled you loved our rooms.🚀 *Exclusive Offer Alert:* **2K OFF MONTHLY** 

🧡Triple Sharing. - ~Was 13k~, **now only 11k!*
💛Dual Sharing. - ~Originally 17k~, **now just 15k!*
❤️Private rooms - ~Formerly 27k~, **now specially priced at 24k!*

💥 Act Fast: Lock in your reservation NOW and save 2000+ RS every month on a 3-month stay! *Offer expires in 4 hours. *Prebook* now for just 3k!*🔥   enjoy complimentary good food.","📍GHARPAYY XOLD FLATLIKE COED!

🚀 Attention: Pre-Booking Required!   _enjoy a seamless experience upon arrival!_ 

🎯DESTINATION [https://maps.app.goo.gl/iFrPomz1xsdUjkGP9 ]

 _secure your spot before you regret it! See you soon in Bangalore!_🏃‍♂️💨",4 times veg only,https://drive.google.com/drive/folders/18lvf0GaPLYAZbuAtzIlxIFbf0yloTvM_,Lotus / Puzzles Stellar House,https://maps.app.goo.gl/Gn8bKP34DfXptK668,a,,9870227819,,,,,,,"https://www.google.com/maps/place/LOTUS+LIVING,+No+23-e+,Sri+Sai+complex+Sg+palya+1st+main,+Tavarekere+Main+Rd,+Bengaluru,+Karnataka+560029/data=!4m2!3m1!1s0x3bae15d128365c0b:0x82fbfbdc4b673844?utm_source=mstt_1&entry=gps&lucs=,47075915,47084387&g_ep=CAESCjExLjExOS4xMDEYACDXggMqEiw0NzA3NTkxNSw0NzA4NDM4N0ICSU4%3D"
1,John Boys,koramangla,"silk board, Koramangala, sg palya, MG road,  nexus",,,"NEWEST PGPRIME LOCATION, WFH ENABLER, FOOD GOOD,",3,T 8/ D11/ S18,"Yep,  _*EAGER TO SEE THE ACCOMMODATION ?*_ 👀 

 *GHARPAYY - JOHN BOYS*  👉👉 https://stays.gharpayy.in/view?file=GG%20JOHN%20BOYS%20K.pdf  ♥️
> FULLY FURNISHED WITH    FOOD & GREAT AMENITIES. IT'S HAND-PICKED FOR YOU 🔑 PREBOOK & UNLOCK DISCOUNTS 

*RATE OUT OF 10 ?* 🫢👌
 
> OR ASK QUESTIONS,  SO, WE CAN UNDERSTAND YOUR NEEDS ASAP & GET BEST ACCOMMODATION. 

Click To See - REFER N EARN
","⚡️ Welcome to Gharpayy JOHN BOYS! ⚡️ ❤️ We're thrilled you loved our rooms.🚀 Exclusive Offer Alert: *2K OFF MONTHLY* 

🧡Triple Sharing. - ~Was 11k~, *now only 9K!
💛Dual Sharing. - ~Originally 14k~, *now just 12k!
❤️Private rooms - ~Formerly 22k~, *now specially priced at 19K! 

💥 Act Fast: Lock in your reservation NOW and save 2000+ RS every month on a 3-month stay! Offer expires in 4 hours. *Prebook now for just 3k!*🔥   enjoy complimentary good food.","GHARPAYY John Boys

🚀 Attention: Pre-Booking Required!   enjoy a seamless experience upon arrival! 

🎯DESTINATION : https://maps.app.goo.gl/Mukfn9vnVK9vN8up8

 secure your spot before you regret it! See you soon in Bangalore!🏃‍♂️",3 Time veg & non veg,,rr pg,https://maps.app.goo.gl/KKKrfLhPxZFQgXmG6,na,,9440002382,shiva reddy,panga reddy,8374243567,,,,"https://www.google.com/maps/place/Just+Cakes/@12.9285408,77.6066705,17z/data=!3m1!4b1!4m6!3m5!1s0x3bae15b5341bfb41:0xc49489d07ddaa213!8m2!3d12.9285408!4d77.6092454!16s%2Fg%2F11fpql0fdp?sca_esv=c26480d145978170&output=search&q=just+cakes+tavarekere&source=lnms&fbs=AEQNm0Aa4sjWe7Rqy32pFwRj0UkWd8nbOJfsBGGB5IQQO6L3JzEq8sk6FPCPzvp42tv1tXpVaj_H1iC1G3hERu_8k1zpll_03EXSo7Oo3UYA4ohxQCWWRJ-_n2X7U5GFhEq89yzHt-T0blHStTRJFXuqpuUkDxMr1bcqYjJT0XpauIiOzb6ybDlTD0j67fJPL4WBHcpqztNYUV49hXvH4ZBAMmVqfrwoXw&ved=1t:200715&ictx=111&entry=tts&g_ep=EgoyMDI1MDExMC4wIPu8ASoASAFQAw%3D%3D"
1,JOY GIRLS ,koramangla,"silk board, Koramangala, sg palya, MG road,  nexus",,,"NEWEST PGPRIME LOCATION, WFH ENABLER, FOOD GOOD,",20,T 10/ D14/ S21,"Yep,  _*EAGER TO SEE THE ACCOMMODATION ?*_ 👀 

 *GHARPAYY - JOY GIRLS*  👉👉 https://stays.gharpayy.in/view?file=GG%20JOY%20GIRLS%20K.pdf  ♥️
> FULLY FURNISHED WITH    FOOD & GREAT AMENITIES. IT'S HAND-PICKED FOR YOU 🔑 PREBOOK & UNLOCK DISCOUNTS 

*RATE OUT OF 10 ?* 🫢👌
 
> OR ASK QUESTIONS,  SO, WE CAN UNDERSTAND YOUR NEEDS ASAP & GET BEST ACCOMMODATION. 

Click To See - REFER N EARN","⚡️ Welcome to Gharpayy JOY GIRLS! ⚡️ ❤️ We're thrilled you loved our rooms.🚀 Exclusive Offer Alert: *2K OFF MONTHLY* 

🧡Triple Sharing. - ~Was 14k~, *now only 12k!
💛Dual Sharing. - ~Originally 17k~, *now just 15k!
❤️Private rooms - ~Formerly 27k~, *now specially priced at 24k!

💥 Act Fast: Lock in your reservation NOW and save 2000+ RS every month on a 3-month stay! Offer expires in 4 hours. *Prebook now for just 3k!*🔥   enjoy complimentary good food.","📍GHARPAYY JOY GIRLS 

🚀 Attention: Pre-Booking Required!   enjoy a seamless experience upon arrival! 

🎯DESTINATION [https://maps.app.goo.gl/D2rG63LzrV9a7X1N9]

 secure your spot before you regret it! See you soon in Bangalore!🏃‍♂️💨",4 T VEG N NON V,,siri paradise,https://maps.app.goo.gl/LFkNt1LV6ew547WM7,na,,7353735588,govind,,9110592795,,,,"https://www.google.com/maps/place/Siri+Paradise+Hostel+for+Ladies/@12.9316289,77.588991,15z/data=!3m1!4b1!4m6!3m5!1s0x3bae150c2af17f93:0xf57eb1ac42e81487!8m2!3d12.9316086!4d77.6074451!16s%2Fg%2F11svjswcmd?entry=tts&g_ep=EgoyMDI1MDExMC4wIPu8ASoASAFQAw%3D%3D"
1,khb girls,koramangla,"8th Block koramangala  , hsr, etc",,,"PEAK LOCATION, NEWLY BUILT WITH LOVE, POCKET FRIENDLY ",2,,"Yep,  _*EAGER TO SEE THE ACCOMMODATION ?*_ 👀 

 *GHARPAYY - KHB GIRLS*  👉👉 https://stays.gharpayy.in/view?file=GG%20KHB%20GIRLS%20K8.pdf  ♥️
> FULLY FURNISHED WITH    FOOD & GREAT AMENITIES. IT'S HAND-PICKED FOR YOU 🔑 PREBOOK & UNLOCK DISCOUNTS 

*RATE OUT OF 10 ?* 🫢👌
 
> OR ASK QUESTIONS,  SO, WE CAN UNDERSTAND YOUR NEEDS ASAP & GET BEST ACCOMMODATION. 

Click To See - REFER N EARN
","⚡️ Welcome to Gharpayy KHB - GIRLS! ⚡️ ❤️ We're thrilled you loved our rooms.🚀 *Exclusive Offer Alert:* **2K OFF MONTHLY** 

🧡Triple Sharing. - ~Was 13k~, **now only 11k!*
💛Dual Sharing. - ~Originally 15k~, **now just 13k!*
❤️Private rooms - ~Formerly 27k~, **now specially priced at 24k!*

💥 Act Fast: Lock in your reservation NOW and save 2000+ RS every month on a 3-month stay! *Offer expires in 4 hours. *Prebook* now for just 3k!*🔥   enjoy complimentary good food.","📍GHARPAYY KHB GIRLS

🚀 Attention: Pre-Booking Required!   _enjoy a seamless experience upon arrival!_ 

🎯DESTINATION [https://maps.app.goo.gl/XTQKRKuvCX2C54xP9 ]

 _secure your spot before you regret it! See you soon in Bangalore!_🏃‍♂️💨",3 Time veg & non veg,https://drive.google.com/drive/folders/1AwsM2XVghAahQOV8eh34Roqg3MJ_C3sC,nirvana,https://maps.app.goo.gl/8jMssqX71Ujejvmr8,nirvana,,9160689366,narayan,narayan,9160689366,,,,
1,pink capital,koramangla,hosur road  + 5kmn,,,"Pink & new interiors,  prime location,  ",2,D 13,"Yep,  _*EAGER TO SEE THE ACCOMMODATION ?*_ 👀 

 *GHARPAYY - PINK CAP GIRLS*  👉👉 https://stays.gharpayy.in/view?file=GG%20PINK%20CAP%20GIRLS%20K.pdf  ♥️
> FULLY FURNISHED WITH    FOOD & GREAT AMENITIES. IT'S HAND-PICKED FOR YOU 🔑 PREBOOK & UNLOCK DISCOUNTS 

*RATE OUT OF 10 ?* 🫢👌
 
> OR ASK QUESTIONS,  SO, WE CAN UNDERSTAND YOUR NEEDS ASAP & GET BEST ACCOMMODATION. 

Click To See - REFER N EARN","⚡️ Welcome to Gharpayy PINK CAPITAL - GIRLS! ⚡️ ❤️ We're thrilled you loved our rooms.🚀 *Exclusive Offer Alert:* **2K OFF MONTHLY** 

💛Dual Sharing. - ~Originally 15k~, **now just 13k!*
❤️Private rooms - ~Formerly 20K~, **now specially priced at 18k!*
❤️Premium Private rooms - ~Formerly 30K~, **now specially priced at 27k!*

💥 Act Fast: Lock in your reservation NOW and save 2000+ RS every month on a 3-month stay! *Offer expires in 4 hours. *Prebook* now for just 5k!*🔥   enjoy complimentary good food.","📍 Gharpayy PINK CAPITAL: GIRLS!!!
🚀 Attention: Pre-Booking Required!   _enjoy a seamless experience upon arrival!_ 

🎯DESTINATION https://maps.app.goo.gl/MXaGBkoENA3icm6r7

 _secure your spot before you regret it! See you soon in Bangalore!_🏃‍♂️💨",3 Time veg & non veg,https://drive.google.com/drive/folders/1BqZ-C1bNNJ5w1Aqj1vQ-iMHfpauHaf4w,73 House of Zisk,https://maps.app.goo.gl/RtByKJd5wcY1LEEL8,na,,9611728757,,bhaskar,7892131987,,,,"https://www.google.com/maps/place/Sri+Sai+PG+for+ladies/@12.9355339,77.6090573,150m/data=!3m1!1e3!4m6!3m5!1s0x3bae144d3e28f381:0x124bc7c488fd98ad!8m2!3d12.935719!4d77.6093038!16s%2Fg%2F11cnz3_wqr!5m1!1e1?entry=ttu&g_ep=EgoyMDI1MTIwMi4wIKXMDSoASAFQAw%3D%3D"
1,orange capital,koramangla,hosur road  + 5kmn,,,"prime location,  big rooms, good food",2,D 12 / S19,,"⚡️ Welcome to Gharpayy ORANGE CAPITAL - GIRLS! ⚡️ ❤️ We're thrilled you loved our rooms.🚀 *Exclusive Offer Alert:* **2K OFF MONTHLY** 
💛Dual Sharing. - ~Originally 15k~, **now just 13k!*
❤️Private rooms - ~Formerly 22K~, **now specially priced at 20k!*

💥 Act Fast: Lock in your reservation NOW and save 2000+ RS every month on a 3-month stay! *Offer expires in 4 hours. *Prebook* now for just 5k!*🔥   enjoy complimentary good food.","📍 Gharpayy ORANGE CAPITAL: GIRLS!!!
🚀 Attention: Pre-Booking Required!   _enjoy a seamless experience upon arrival!_ 

🎯DESTINATION https://maps.app.goo.gl/MXaGBkoENA3icm6r7

 _secure your spot before you regret it! See you soon in Bangalore!_🏃‍♂️💨",3 Time veg ,,Adler near pink cap,https://maps.app.goo.gl/V1n4q9mkCnBufCv47,na,,8050509559,khushboo,,,,,,"https://www.google.com/maps/place/Sri+Sai+PG+for+ladies/@12.9355339,77.6090573,150m/data=!3m1!1e3!4m6!3m5!1s0x3bae144d3e28f381:0x124bc7c488fd98ad!8m2!3d12.935719!4d77.6093038!16s%2Fg%2F11cnz3_wqr!5m1!1e1?entry=ttu&g_ep=EgoyMDI1MTIwMi4wIKXMDSoASAFQAw%3D%3D"
1,Fab Girls,koramangla,hosur road  + 5kmn,,,400m from central backgate,30,T 9 / D 11 / S 22,,"⚡️ Welcome to Gharpayy FAB GIRLS! ⚡️ ❤️ We're thrilled you loved our rooms.🚀 *Exclusive Offer Alert:* **2K OFF MONTHLY** 

🧡Triple Sharing. - ~Was 12k~, **now only 10k!*
💛Dual Sharing. - ~Originally 15k~, **now just 13k!*
❤️Private rooms - ~Formerly 25k~, **now specially priced at 23k!*

💥 Act Fast: Lock in your reservation NOW and save 3000+ RS every month on a 12-month stay! *Offer expires in 4 hours. *Prebook* now for just 15k!*🔥   enjoy complimentary good food.","📍GHARPAYY FAB 💥 GIRLS 

🚀 Attention: Pre-Booking Required!   enjoy a seamless experience upon arrival! 

🎯DESTINATION [https://maps.app.goo.gl/ocG1LjwkSpT17z1i8]

 secure your spot before you regret it! See you soon in Bangalore!🏃‍♂️💨",3 Time veg,https://drive.google.com/drive/folders/1zYedBoYmaPIIaw0__k_VlVcklF6mhM3k,Adler near ace,https://maps.app.goo.gl/r5RjR4CQjb91n9JD9,na,,82967 28581,"
Surender",,,,,,"https://www.google.com/maps/place/Adler+Stays+Ladies+PG+In+Koramangala,+S.G.+Palya,+Tavarekere./@12.9312197,77.6088667,143m/data=!3m1!1e3!4m6!3m5!1s0x3bae15c510dcac4b:0xaf8eb6284b9bb139!8m2!3d12.9312208!4d77.6093531!16s%2Fg%2F11hz0jssbb!5m1!1e1?entry=tts&g_ep=EgoyMDI1MDYxNS4wIPu8ASoASAFQAw%3D%3D&skid=12e85474-262c-4207-9999-e8992ece6090"
1,wink coed,koramangla,"adugodi,tavrekere + all Koramangala ",,,"coliving stay - rarely available., best & big rooms, great  food.",30,D 13 / S 23,"Yep,  _*EAGER TO SEE THE ACCOMMODATION ?*_ 👀 

 *GHARPAYY - ROAR COLIVE*  👉👉 https://stays.gharpayy.in/view?file=GG%20ROAR%20COLIVE%20K.pdf  ♥️
> FULLY FURNISHED WITH    FOOD & GREAT AMENITIES. IT'S HAND-PICKED FOR YOU 🔑 PREBOOK & UNLOCK DISCOUNTS 

*RATE OUT OF 10 ?* 🫢👌
 
> OR ASK QUESTIONS,  SO, WE CAN UNDERSTAND YOUR NEEDS ASAP & GET BEST ACCOMMODATION. 

Click To See - REFER N EARN
","⚡️ Welcome to Gharpayy wink - COED! ⚡️ ❤️ We're thrilled you loved our rooms.🚀 *Exclusive Offer Alert:* **3K OFF MONTHLY** 


💛Dual Sharing. - ~Originally 15k~, **now just 12k!*
❤️Private rooms - ~Formerly 25k~, **now specially priced at 22k!*

💥 Act Fast: Lock in your reservation NOW and save 3000+ RS every month on a 3-month stay! *Offer expires in 4 hours. *Prebook* now for just 5k!*🔥   enjoy complimentary good food.","📍GHARPAYY WINK COED

🚀 Attention: Pre-Booking Required!   _enjoy a seamless experience upon arrival!_ 

🎯DESTINATION [https://maps.app.goo.gl/mzDvnmaU4jSv9uws6 ]

 _secure your spot before you regret it! See you soon in Bangalore!_🏃‍♂️💨G",4 times veg only,https://drive.google.com/drive/folders/1zYedBoYmaPIIaw0__k_VlVcklF6mhM3k,Purple Ladies/ Colive,https://maps.app.goo.gl/gBwPVJFZ2gexwaGa6,na,,,,,,,,,"https://www.google.com/maps/place/Arshad+Luxury+PG+Ladies/@12.9412664,77.6072292,357m/data=!3m1!1e3!4m12!1m5!3m4!2zMTLCsDU2JzMwLjAiTiA3N8KwMzYnMjQuMCJF!8m2!3d12.941658!4d77.606679!3m5!1s0x3bae1525a6ea5c9d:0xa6fdbf322da0f9ff!8m2!3d12.9417992!4d77.6070729!16s%2Fg%2F11qskd3nxl?entry=ttu&g_ep=EgoyMDI1MTIwMi4wIKXMDSoASAFQAw%3D%3D"
1,CINE COED,koramangla,tavrekere + all Koramangala ,,,coliving stay / AFFORDABLE.,30,D 9 / S 16,,"⚡️ Welcome to Gharpayy CINE - COED! ⚡️ ❤️ We're thrilled you loved our rooms.🚀 *Exclusive Offer Alert:* **2K OFF MONTHLY** 


💛Dual Sharing. - ~Originally 12k~, **now just 10k!*
❤️Private rooms - ~Formerly 19k~, **now specially priced at 17k!*

💥 Act Fast: Lock in your reservation NOW and save 2000+ RS every month on a 3-month stay! *Offer expires in 4 hours. *Prebook* now for just 5k!*🔥   enjoy complimentary good food.","GHARPAYY CINE Coed  PG 

🚀 Attention: Pre-Booking Required!   _enjoy a seamless experience upon arrival!_ 

🎯DESTINATION [https://maps.app.goo.gl/3kV2t1AHyoTL9yTv7]

 _secure your spot before you regret it! See you soon in Bangalore!_🏃‍♂️",3 Time veg & non veg,,ROYAL PARADISE PG 2,https://maps.app.goo.gl/pM7bBMXSmfVmBQy77,na,,,,,,,,,
1,TAVZ COED,koramangla,tavrekere + all Koramangala ,,,coliving stay / AFFORDABLE.,30,D 9 / S 16,,"⚡️ Welcome to Gharpayy TAVZ - COED! ⚡️ ❤️ We're thrilled you loved our rooms.🚀 *Exclusive Offer Alert:* **2K OFF MONTHLY** 


💛Dual Sharing. - ~Originally 12k~, **now just 10k!*
❤️Private rooms - ~Formerly 19k~, **now specially priced at 17k!*

💥 Act Fast: Lock in your reservation NOW and save 2000+ RS every month on a 3-month stay! *Offer expires in 4 hours. *Prebook* now for just 5k!*🔥   enjoy complimentary good food.","GHARPAYY Tavz Coed  PG 

🚀 Attention: Pre-Booking Required!   _enjoy a seamless experience upon arrival!_ 

🎯DESTINATION [https://maps.app.goo.gl/3kV2t1AHyoTL9yTv7]

 _secure your spot before you regret it! See you soon in Bangalore!_🏃‍♂️",3 Time veg & non veg,,ROYAL PARADISE 1,https://maps.app.goo.gl/pM7bBMXSmfVmBQy77,na,,7353735588,,,,,,,
1,roar colive,koramangla,"tavrekere + all Koramangala /
NEXUS/
SG PALYA/ 
THAVKHERE",,,"coliving stay - rarely available., best & big rooms, great  food.",30,D 13 / S 23,"Yep,  _*EAGER TO SEE THE ACCOMMODATION ?*_ 👀 

 *GHARPAYY - ROAR COLIVE*  👉👉 https://stays.gharpayy.in/view?file=GG%20ROAR%20COLIVE%20K.pdf  ♥️
> FULLY FURNISHED WITH    FOOD & GREAT AMENITIES. IT'S HAND-PICKED FOR YOU 🔑 PREBOOK & UNLOCK DISCOUNTS 

*RATE OUT OF 10 ?* 🫢👌
 
> OR ASK QUESTIONS,  SO, WE CAN UNDERSTAND YOUR NEEDS ASAP & GET BEST ACCOMMODATION. 

Click To See - REFER N EARN
","⚡️ Welcome to Gharpayy ROAR - COED! ⚡️ ❤️ We're thrilled you loved our rooms.🚀 *Exclusive Offer Alert:* **2K OFF MONTHLY** 


💛Dual Sharing. - ~Originally 15k~, **now just 13k!*
❤️Private rooms - ~Formerly 27k~, **now specially priced at 24k!*

💥 Act Fast: Lock in your reservation NOW and save 2000+ RS every month on a 3-month stay! *Offer expires in 4 hours. *Prebook* now for just 3k!*🔥   enjoy complimentary good food.","📍GHARPAYY ROAR COED

🚀 Attention: Pre-Booking Required!   _enjoy a seamless experience upon arrival!_ 

🎯DESTINATION [https://maps.app.goo.gl/FaQgVno4Mtgpg59T9]

 _secure your spot before you regret it! See you soon in Bangalore!_🏃‍♂️💨G",4 times veg only,https://drive.google.com/drive/folders/10Xj7skM8dtG4FM-9pEinLfyWCJrADH6g,SLV Luxury Coliving Pg,https://maps.app.goo.gl/RCCpnypoapXf4h626,na,,9721538096,ram,ramesh,9600530780,,,,"https://www.google.com/maps/place/SLV+LUXURY+PG+FOR+CO-LIVING/@12.9268815,77.6092938,264m/data=!3m1!1e3!4m12!1m5!3m4!2zMTLCsDU1JzM2LjQiTiA3N8KwMzYnMzMuMSJF!8m2!3d12.92679!4d77.609204!3m5!1s0x3bae150075a057d3:0x91973ee1964d6ce7!8m2!3d12.9267873!4d77.6093008!16s%2Fg%2F11w86_fqvw?entry=ttu&g_ep=EgoyMDI1MTIwMi4wIKXMDSoASAFQAw%3D%3D"
1,sg colive,koramangla,"IBC knowledge,  baneraghata road,  5km , dairy circle, jayanagar,  jp",,,"extremely budget friendly, mini gym & games. definitely coliving ",10,T 8.5 / D 12/ S 22,"Yep,  _*EAGER TO SEE THE ACCOMMODATION ?*_ 👀 

 *GHARPAYY - SG COLIVE*  👉👉 https://stays.gharpayy.in/view?file=GG%20SG%20COLIVE%20K.pdf  ♥️
> FULLY FURNISHED WITH    FOOD & GREAT AMENITIES. IT'S HAND-PICKED FOR YOU 🔑 PREBOOK & UNLOCK DISCOUNTS 

*RATE OUT OF 10 ?* 🫢👌
 
> OR ASK QUESTIONS,  SO, WE CAN UNDERSTAND YOUR NEEDS ASAP & GET BEST ACCOMMODATION. 

Click To See - REFER N EARN
","⚡️ Welcome to Gharpayy SG - COLIVING! ⚡️ ❤️ We're thrilled you loved our rooms.🚀 *Exclusive Offer Alert:* **2K OFF MONTHLY** 

🧡Triple Sharing. - ~Was 11k~, **now only 9k!*
💛Dual Sharing. - ~Originally 15k~, **now just 13k!*
❤️Private rooms - ~Formerly 25k~, **now specially priced at 23k!*

💥 Act Fast: Lock in your reservation NOW and save 2000+ RS every month on a 3-month stay! *Offer expires in 4 hours. *Prebook* now for just 3k!*🔥   enjoy complimentary good food.","GHARPAYY SG COLIVING 

🚀 Attention: Pre-Booking Required!   enjoy a seamless experience upon arrival! 

🎯DESTINATION [https://maps.app.goo.gl/NJqLFowfyQBx4San9]

 secure your spot before you regret it! See you soon in Bangalore!🏃‍♂️💨",3 Time veg & non veg,https://drive.google.com/drive/folders/10_zspv8Y-5s9JTZ2MI1tYKMQevKnBirX,nesto amigo sg ,https://maps.app.goo.gl/mB9BAeSr3GrVEfEe9,na,,6205229187,rahul,teja,7598844465,,,,"google.com/maps/place/Nesto+Amigos+Co-Living+PG,+23-24,+7th+Cross+Rd,+Bhavani+Nagar,+S.G.+Palya,+Bengaluru,+Karnataka+560029/data=!4m2!3m1!1s0x3bae15f2afc6c293:0x84898198276b8553?utm_source=mstt_1&entry=gps&lucs=,47075915,47084387&g_ep=CAESCjExLjExOS4xMDEYACDXggMqEiw0NzA3NTkxNSw0NzA4NDM4N0ICSU4%3D"
1,silq boys,BTM,"silk board,/ BTM,, ",,,"NEWEST PGPRIME LOCATION, WFH ENABLER, FOOD GOOD,",5,D 12 / S23,"Yep,  _*EAGER TO SEE THE ACCOMMODATION ?*_ 👀 

 *GHARPAYY - SILQ  BOYS*  👉👉 https://stays.gharpayy.in/view?file=GG%20SILQ%20BOYS%20S.pdf  ♥️
> FULLY FURNISHED WITH    FOOD & GREAT AMENITIES. IT'S HAND-PICKED FOR YOU 🔑 PREBOOK & UNLOCK DISCOUNTS 

*RATE OUT OF 10 ?* 🫢👌
 
> OR ASK QUESTIONS,  SO, WE CAN UNDERSTAND YOUR NEEDS ASAP & GET BEST ACCOMMODATION. 

Click To See - REFER N EARN

","⚡️ Welcome to Gharpayy SILQ - BOYS! ⚡️ ❤️ We're thrilled you loved our rooms.🚀 *Exclusive Offer Alert:* **2K OFF MONTHLY** 


💛Dual Sharing. - ~Originally 15k~, **now just 13k!*
❤️Private rooms - ~Formerly 25k~, **now specially priced at 23k!*

💥 Act Fast: Lock in your reservation NOW and save 2000+ RS every month on a 3-month stay! *Offer expires in 4 hours. *Prebook* now for just 3k!*🔥   enjoy complimentary good food.","📍GHARPAYY SILQ- BOYS!

🚀 Attention: Pre-Booking Required!   _enjoy a seamless experience upon arrival!_ 

🎯DESTINATION [https://maps.app.goo.gl/fLtsUSb7aUkWA2pz8  ]

 _secure your spot before you regret it! See you soon in Bangalore!_🏃‍♂️💨",3 Time veg & non veg,https://drive.google.com/drive/folders/1Hg8evRFfAXL6v1ox1KJAwHCsbLGaYn-x,royal white house,https://maps.app.goo.gl/BJHPMrLAP9ErkRKUA,na,,7569487760,srinu,srinu,7569487760,,,,"https://www.google.com/maps/place/ROYAL+WHITE+HOUSE+PG+FOR+MEN/@12.9175633,77.61482,189m/data=!3m1!1e3!4m12!1m5!3m4!2zMTLCsDU1JzAzLjEiTiA3N8KwMzYnNTIuNSJF!8m2!3d12.917533!4d77.614571!3m5!1s0x3bae15003f5abaab:0x5193d5ccd7205ccd!8m2!3d12.9174553!4d77.6145338!16s%2Fg%2F11wj6w4qr8?entry=ttu&g_ep=EgoyMDI1MTIwMi4wIKXMDSoASAFQAw%3D%3D"
1,SNOOK COED,koramangla,"IBC knowledge,  baneraghata road,  5km , dairy circle, jayanagar,  jp",,,"extremely budget friendly, mini gym & games. definitely coliving ",5,T11/ D 14/ S 22,"Yep,  _*EAGER TO SEE THE ACCOMMODATION ?*_ 👀 

 *GHARPAYY - SNOOK COED*  👉👉 https://stays.gharpayy.in/view?file=GG%20SNOOK%20COED.pdf ♥️
> FULLY FURNISHED WITH    FOOD & GREAT AMENITIES. IT'S HAND-PICKED FOR YOU 🔑 PREBOOK & UNLOCK DISCOUNTS 

*RATE OUT OF 10 ?* 🫢👌
 
> OR ASK QUESTIONS,  SO, WE CAN UNDERSTAND YOUR NEEDS ASAP & GET BEST ACCOMMODATION. 

Click To See - REFER N EARN
","⚡️ Welcome to Gharpayy SNOOK COED! ⚡️ ❤️ We're thrilled you loved our rooms.🚀 *Exclusive Offer Alert:* **2K OFF MONTHLY** 

🧡Triple Sharing. - ~Was 14k~, **now only 12k!*
💛Dual Sharing. - ~Originally 16k~, **now just 14k!*
❤️Private rooms - ~Formerly 25k~, **now specially priced at 23k!*

💥 Act Fast: Lock in your reservation NOW and save 2000+ RS every month on a 3-month stay! *Offer expires in 4 hours. *Prebook* now for just 3k!*🔥   enjoy complimentary good food.","GHARPAYY SNOOK COED

🚀 Attention: Pre-Booking Required!   enjoy a seamless experience upon arrival! 

🎯DESTINATION [https://maps.app.goo.gl/vE8zuuooe9tDMvo66]

 secure your spot before you regret it! See you soon in Bangalore!🏃‍♂️💨",4 times pure veg,https://drive.google.com/drive/folders/1ErQSt06wQy7Y8_3cdEOUM4RC5MqEAhFX,yes living,https://maps.app.goo.gl/nCnYsMfDwhoWv65m9,na,,8310877020,hemraj,rajan,9487626144,,,,"https://www.google.com/maps/place/Yes+Living+Coliving+Guest+Rooms/@12.9347093,77.607967,18.86z/data=!4m6!3m5!1s0x3bae15c53323c6c1:0x599eeade63085d63!8m2!3d12.9350913!4d77.6083973!16s%2Fg%2F11w4fxrcbn?entry=tts&g_ep=EgoyMDI1MDMwNC4wIPu8ASoASAFQAw%3D%3D"
1,tom boys,koramangla,students  sg palya ,,,"super close to everything , gym area , best pg food  you'll ever have",20,T 12/ D 15 / S23,"Yep,  _*EAGER TO SEE THE ACCOMMODATION ?*_ 👀 

 *GHARPAYY - TOM BOYS*  👉👉 https://stays.gharpayy.in/view?file=GG%20TOM%20BOYS%20K.pdf  ♥️
> FULLY FURNISHED WITH    FOOD & GREAT AMENITIES. IT'S HAND-PICKED FOR YOU 🔑 PREBOOK & UNLOCK DISCOUNTS 

*RATE OUT OF 10 ?* 🫢👌
 
> OR ASK QUESTIONS,  SO, WE CAN UNDERSTAND YOUR NEEDS ASAP & GET BEST ACCOMMODATION. 

Click To See - REFER N EARN","⚡️ Welcome to Gharpayy TOM BOYS - BOYS! ⚡️ ❤️ We're thrilled you loved our rooms.🚀 *Exclusive Offer Alert:* **2K OFF MONTHLY** 

🧡Triple Sharing. - ~Was 14k~, **now only 12k!*
💛Dual Sharing. - ~Originally 17k~, **now just 15k!*
❤️Private rooms - ~Formerly 27k~, **now specially priced at 24k!*

💥 Act Fast: Lock in your reservation NOW and save 2000+ RS every month on a 3-month stay! *Offer expires in 4 hours. *Prebook* now for just 3k!*🔥   enjoy complimentary good food.","📍GHARPAYY TOM BOYS -BOYS..!

🚀 Attention: Pre-Booking Required!   _enjoy a seamless experience upon arrival!_ 

🎯DESTINATION [https://maps.app.goo.gl/D2rG63LzrV9a7X1N9]

 _secure your spot before you regret it! See you soon in Bangalore!_🏃‍♂️💨",4 times veg only,https://drive.google.com/drive/folders/107IIyEhZyEmng7BExxPXj-2HlxcF00x9,klp 5 old,https://maps.app.goo.gl/iGN7FrnKkji6tc1X8,,,7204036862,pavithra,klp,,,,,"https://www.google.com/maps/place/K+L+58+Resto+Cafe/@12.9308712,77.6079111,157m/data=!3m1!1e3!4m12!1m5!3m4!2zMTLCsDU1JzUxLjUiTiA3N8KwMzYnMjguMCJF!8m2!3d12.930966!4d77.607763!3m5!1s0x3bae150031b00893:0x716d746f8dd39da8!8m2!3d12.9310403!4d77.607378!16s%2Fg%2F11yqb39k4t?entry=ttu&g_ep=EgoyMDI1MTIwMi4wIKXMDSoASAFQAw%3D%3D"
1,HOMY GIRLS,Kormangala,"silk board, Koramangala, sg palya, MG road,  nexus",,,"great property, newly, gYM, GAMES,",20,D 18 /  S27,"Yep,  _*EAGER TO SEE THE ACCOMMODATION ?*_ 👀 

 *GHARPAYY - Homy Girls*  👉👉 https://stays.gharpayy.in/view?file=GG%20HOMY%20GIRLS%20KS.pdf  ♥️
> FULLY FURNISHED WITH    FOOD & GREAT AMENITIES. IT'S HAND-PICKED FOR YOU 🔑 PREBOOK & UNLOCK DISCOUNTS 

*RATE OUT OF 10 ?* 🫢👌
 
> OR ASK QUESTIONS,  SO, WE CAN UNDERSTAND YOUR NEEDS ASAP & GET BEST ACCOMMODATION. 

Click To See - REFER N EARN
","""⚡️ Welcome to Gharpayy HOMY GIRLS! ⚡️ ❤️ We're thrilled you loved our rooms.🚀 *Exclusive Offer Alert:* **2K OFF MONTHLY** 

🧡
💛Dual Sharing. - ~Originally 21k~, **now just 19k!*
❤️Private rooms - ~Formerly 30k~, **now specially priced at 28k!*

💥 Act Fast: Lock in your reservation NOW and save 2000+ RS every month on a 3-month stay! *Offer expires in 4 hours. *Prebook* now for just 28k!*🔥   enjoy complimentary good food.""","📍GHARPAYY HOMY GIRLS
🚀 Attention: Pre-Booking Required! enjoy a seamless experience upon arrival! 

🎯DESTINATION :https://maps.app.goo.gl/cokeKf8enryASuxP9

Secure your spot before you regret it! See you soon in Bangalore!🏃‍♂️💨
",4 times veg only,https://drive.google.com/drive/folders/111Cmd-WJU3gQLcsO2aDCxc_PZYM-k4dR,nook astella,https://maps.app.goo.gl/MqsstR4wqrpAZLyw5,,,6363722172,safan,safan,6363722172,,,,
2,MVS PEARLS-SOLD OUT,koramangla,Koramangala ,,,PREMIUM FLAT LIKE SETUP ,2,14/23,0,"⚡️ Welcome to Gharpayy MVS PEARL- COED! ⚡️ ❤️ We're thrilled you loved our rooms.🚀 *Exclusive Offer Alert:* **2K OFF MONTHLY** 


💛Dual Sharing. - ~Originally 18k~, **now just 15k!*
❤️Private rooms - ~Formerly 27k~, **now specially priced at 23k!*

💥 Act Fast: Lock in your reservation NOW and save 2000+ RS every month on a 3-month stay! *Offer expires in 4 hours. *Prebook* now for just 3k!*🔥   enjoy complimentary good food.","📍GHARPAYY MVS PEARLS!!!  -COED

🚀 Attention: Pre-Booking Required!   _enjoy a seamless experience upon arrival!_ 

🎯DESTINATION: https://maps.app.goo.gl/ZabqhMQqxJ9oDNo8A

 _secure your spot before you regret it! See you soon in Bangalore!_🏃‍♂️💨",,https://drive.google.com/drive/folders/1K8SAvP5qEaqeX8T0cU-NSpGrMybJYmlq,dc gardenia,https://maps.app.goo.gl/wXJxsNm5iEjY41d59,,,7022914317,sarla,deepak,9535200009,,,,"https://www.google.com/maps/place/Mvs+Pearl/@12.9324133,77.6341021,17z/data=!3m1!4b1!4m6!3m5!1s0x3bae14642b043c3b:0x491860897544c62f!8m2!3d12.9324081!4d77.636677!16s%2Fg%2F11f00jsnp0?entry=tts&g_ep=EgoyMDI1MDExMC4wIPu8ASoASAFQAw%3D%3D"
2,QUEEN'S MCC GIRLS,Vasanth Nagar/Mcc,Vasanth Nagar,,,"New Built, Premium Property",2,11/13/18,1,"""⚡️ Welcome to Gharpayy QUEEN'S ⚡️ ❤️ We're thrilled you loved our rooms.🚀 Exclusive Offer Alert: *2K OFF MONTHLY* GST INCLUSIVE. [ EXCLUDING FOOD ]
❤️Four Sharing - ~Formerly 15k~, *now specially priced at 12,500!
💛Triple Sharing - ~Originally 16k-, *now just 14k and 15k!
❤️Dual Sharing. - ~Originally 20k~, *now just 18k,19k and 20k


💥 Act Fast: Lock in your reservation NOW and save 2000+ RS every month on a 3-month stay! Offer expires in 12 hours. *Prebook now for just 3k!*🔥""

","""📍GHARPAYY QUEEN GIRLS 

🚀 Attention: Pre-Booking Required!   enjoy a seamless experience upon arrival! 

🎯DESTINATION: https://maps.app.goo.gl/3e2CEGKgS7ZRpMLV8 
 secure your spot before you regret it! See you soon in Bangalore!🏃‍♂️💨""",4 times veg only,https://drive.google.com/drive/folders/1Iygcsy1ODzZfLN7omKJdg1SqgBDyBFKp,adler stays vasanth nagar,https://maps.app.goo.gl/PA8bSsMyv1ceoAM9A,,,6363901319,padam,mansa,9108895879,,,,"https://www.google.com/maps/place/Adler+Stays+PG+for+Girls+Vasanth+Nagar+%7C+Girls+PG+Near+Mount+Carmel+College/@12.9863748,77.5956548,17z/data=!3m1!4b1!4m6!3m5!1s0x3bae177a1d8beb65:0xda7e122caba1085e!8m2!3d12.9863696!4d77.5982297!16s%2Fg%2F11vwss5_hy?entry=tts&g_ep=EgoyMDI1MDExMC4wIPu8ASoASAFQAw%3D%3D"
 ,BELL COED,bellandur,"bellandur,  hsr ",,,"PEAK LOCATION, NEWLY BUILT WITH LOVE, POCKET FRIENDLY ",20, T 9/ D 13/ S 21,"Yep,  _*EAGER TO SEE THE ACCOMMODATION ?*_ 👀 

 *GHARPAYY - Bell Girls*  👉👉 https://stays.gharpayy.in/view?file=GG%20Bell%20girls%20B.pdf   ♥️
> FULLY FURNISHED WITH    FOOD & GREAT AMENITIES. IT'S HAND-PICKED FOR YOU 🔑 PREBOOK & UNLOCK DISCOUNTS 

*RATE OUT OF 10 ?* 🫢👌
 
> OR ASK QUESTIONS,  SO, WE CAN UNDERSTAND YOUR NEEDS ASAP & GET BEST ACCOMMODATION. 

Click To See - REFER N EARN
","⚡️ Welcome to Gharpayy BELL COED -! ⚡️ ❤️ We're thrilled you loved our rooms.🚀 *Exclusive Offer Alert:* **2K OFF MONTHLY** 

🧡Triple Sharing. - ~Was 13k~, **now only 11k!*
💛Dual Sharing. - ~Originally 15k~, **now just 13k!*
❤️Private rooms - ~Formerly 27k~, **now specially priced at 24k!*

💥 Act Fast: Lock in your reservation NOW and save 2000+ RS every month on a 3-month stay! *Offer expires in 4 hours. *Prebook* now for just 3k!*🔥   enjoy complimentary good food.","📍GHARPAYY BELL COED

🚀 Attention: Pre-Booking Required!   _enjoy a seamless experience upon arrival!_ 

🎯DESTINATION [https://maps.app.goo.gl/GcoEbrkPuJVseYCC8]

 _secure your spot before you regret it! See you soon in Bangalore!_🏃‍♂️💨",3 Time veg & non veg,https://drive.google.com/drive/folders/12Ur5hRv_BhamUGVPzkWkl0OsVh3ToGfu,adler bellandur,https://maps.app.goo.gl/gQqHZRsecimia33P6,,https://youtube.com/shorts/Wv0WKPQKLac?feature=share,9110664880,manoj,mansa,9108895879,,,,"https://www.google.com/maps/place/NEW-ADLER+STAYS+LADIES+PG+IN+BELLANDUR,+39%2F14,+Sarjapur+-+Marathahalli+Rd,+Ibbaluru,+Bellandur,+Bengaluru,+Karnataka+560103/data=!4m2!3m1!1s0x3bae13554def2cd5:0x3d87b0b493774077?utm_source=mstt_1&entry=gps&lucs=,47075915,47084387&g_ep=CAESCjExLjExOS4xMDEYACDXggMqEiw0NzA3NTkxNSw0NzA4NDM4N0ICSU4%3D"
3,GLEN COED,bellandur,"bellandur,  hsr ",,,"PEAK LOCATION, NEWLY BUILT WITH LOVE, POCKET FRIENDLY ",9,D - 11/ S 21,"Yep,  _*EAGER TO SEE THE ACCOMMODATION ?*_ 👀 

 *GHARPAYY - GLEN BOYS*  👉👉 https://stays.gharpayy.in/view?file=GG%20GLEN%20BOYS%20B.pdf  ♥️
> FULLY FURNISHED WITH    FOOD & GREAT AMENITIES. IT'S HAND-PICKED FOR YOU 🔑 PREBOOK & UNLOCK DISCOUNTS 

*RATE OUT OF 10 ?* 🫢👌
 
> OR ASK QUESTIONS,  SO, WE CAN UNDERSTAND YOUR NEEDS ASAP & GET BEST ACCOMMODATION. 

Click To See - REFER N EARN","⚡️ Welcome to Gharpayy GLEN COED! ⚡️ ❤️ We're thrilled you loved our rooms.🚀 *Exclusive Offer Alert:* **2K OFF MONTHLY** 

💛Dual Sharing. - ~Originally 15k~, **now just 13k!*
❤️Private rooms - ~Formerly 27k~, **now specially priced at 23k!*

💥 Act Fast: Lock in your reservation NOW and save 2000+ RS every month on a 3-month stay! *Offer expires in 4 hours. *Prebook* now for just 3k!*🔥   enjoy complimentary good food.","📍GHARPAYY GLEN COED

🚀 Attention: Pre-Booking Required!   _enjoy a seamless experience upon arrival!_ 

🎯DESTINATION [https://maps.app.goo.gl/oHtiM3ofZQiRGnQY6]

 _secure your spot before you regret it! See you soon in Bangalore!_🏃‍♂️💨",3 Time veg & non veg,,HAVELI BOYS,https://maps.app.goo.gl/4LpDBwZH1uWfFMYf7,,https://youtube.com/shorts/pfFlV6A1mRU,,,sriram,7204019777,,,,"https://www.google.com/maps/place/Haveli+studio+rooms+bellandur/@12.9260363,77.6678953,1106m/data=!3m2!1e3!4b1!4m6!3m5!1s0x3bae13f5ac3a285b:0xe6b782cef8641eca!8m2!3d12.9260311!4d77.6704702!16s%2Fg%2F11j4b3qwds?hl=en-GB&entry=ttu&g_ep=EgoyMDI1MTIwMi4wIKXMDSoASAFQAw%3D%3D"
3,STANNY COED,bellandur,"bellandur,  hsr ",,,"PEAK LOCATION, NEWLY BUILT WITH LOVE, POCKET FRIENDLY ",3,D 12/ S 23,"Yep,  _*EAGER TO SEE THE ACCOMMODATION ?*_ 👀 

 *GHARPAYY - STANNY COED*  👉👉 https://stays.gharpayy.in/view?file=GG%20STANNY%20COED%20B.pdf  ♥️
> FULLY FURNISHED WITH    FOOD & GREAT AMENITIES. IT'S HAND-PICKED FOR YOU 🔑 PREBOOK & UNLOCK DISCOUNTS 

*RATE OUT OF 10 ?* 🫢👌
 
> OR ASK QUESTIONS,  SO, WE CAN UNDERSTAND YOUR NEEDS ASAP & GET BEST ACCOMMODATION. 

Click To See - REFER N EARN","⚡️ Welcome to Gharpayy STANNY  COED ! ⚡️ ❤️ We're thrilled you loved our rooms.🚀 *Exclusive Offer Alert:* **2K OFF MONTHLY** 

💛Dual Sharing. - ~Originally 15k~, **now just 13k!*
❤️Private rooms - ~Formerly 27k~, **now specially priced at 24k!*

💥 Act Fast: Lock in your reservation NOW and save 2000+ RS every month on a 3-month stay! *Offer expires in 4 hours. *Prebook* now for just 3k!*🔥   enjoy complimentary good food.","📍GHARPAYY STANNY COED
🚀 Attention: Pre-Booking Required!   _enjoy a seamless experience upon arrival!_ 

🎯DESTINATION [https://maps.app.goo.gl/2fhoVN2NYcy9jjCH8]

 _secure your spot before you regret it! See you soon in Bangalore!_🏃‍♂️💨",3 Time veg & non veg,https://drive.google.com/drive/folders/1EDLbFXwmQBF0p0AH6oOJESpTBm_f0rUd,STANLEY COED,https://maps.app.goo.gl/cGeCUJhENz6Bf9mVA,,,,,sriram,7204019777,,,,"https://www.google.com/maps/place/Stanley+premium+coliving/@12.9267932,77.6664783,1106m/data=!3m2!1e3!4b1!4m6!3m5!1s0x3bae132c4756f381:0xb960046adfcb7d57!8m2!3d12.926788!4d77.6690532!16s%2Fg%2F11s3wgpxxw?hl=en-GB&entry=ttu&g_ep=EgoyMDI1MTIwMi4wIKXMDSoASAFQAw%3D%3D"
4,bliss Coed,whitefield,"brookfield,aecs, kundanhalii,hopefarm, itpl,  Whitefield, ",,,"great property, newly, GAMES,",2,D 11/ S 20/21,"Yep,  _*EAGER TO SEE THE ACCOMMODATION ?*_ 👀 

 *GHARPAYY - BLISS COED*  👉👉 https://stays.gharpayy.in/view?file=GG%20BLISS%20COED%20B.pdf  ♥️
> FULLY FURNISHED WITH    FOOD & GREAT AMENITIES. IT'S HAND-PICKED FOR YOU 🔑 PREBOOK & UNLOCK DISCOUNTS 

*RATE OUT OF 10 ?* 🫢👌
 
> OR ASK QUESTIONS,  SO, WE CAN UNDERSTAND YOUR NEEDS ASAP & GET BEST ACCOMMODATION. 

Click To See - REFER N EARN
","Gharpayy BLISS COED ⚡️ ❤️ we're glad you liked the rooms..   BALCONY TOO 

💥 ~15K Dual S~. - Reduced to 13K 
🔹 ~25k Private~- Specially for 23k

💥💯💥 Be Decisive - GET 2000 RS OFF EVERY MONTH, SAVE  MORE THAN 6000 RS ON 2 MONTHS STAY. VALID FOR  4 HOURS - PREBOOK IN 4K 💥💯💥 

AVAILABILITY  - 5 BEDS [ SUPER AMENITIES & COMPLIMENTARY GOOD FOOD.] N COWORKING, GAMES.","""📍 GHARPAYY BLISS COED

🚀 Attention: Pre-Booking Required! enjoy a seamless experience upon arrival! 

🎯DESTINATION https://maps.app.goo.gl/Q45VDHrjtKDtfkR87

Secure your spot before you regret it! See you soon in Bangalore!🏃‍♂️💨
""",3 Time veg & non veg,https://drive.google.com/drive/folders/1HM0YhI__eUGHfEgNObbFx3pTY77Hqxwm,haveli coliving,https://maps.app.goo.gl/MMAddfGtba195Qjk6,,https://youtube.com/shorts/Qa1mu1BySpQ,9964718777,,sriram,7204019777,,,,"google.com/maps/place/HAVELI+COLIVING/@12.9602826,77.7124546,17z/data=!3m1!4b1!4m6!3m5!1s0x3bae13dcf939edad:0xaaf174d35cbccd9a!8m2!3d12.9602774!4d77.7150295!16s%2Fg%2F11vzbjzbp3?entry=tts&g_ep=EgoyMDI1MDExMC4wIPu8ASoASAFQAw%3D%3D"
4,gliss Coed,whitefield,"brookfield,aecs, kundanhalii,hopefarm, itpl,  Whitefield, ",,,"great property, newly, GAMES,",2,D 11/ S 20/21,"Yep,  _*EAGER TO SEE THE ACCOMMODATION ?*_ 👀 

 *GHARPAYY - BLISS COED*  👉👉 https://stays.gharpayy.in/view?file=GG%20BLISS%20COED%20B.pdf  ♥️
> FULLY FURNISHED WITH    FOOD & GREAT AMENITIES. IT'S HAND-PICKED FOR YOU 🔑 PREBOOK & UNLOCK DISCOUNTS 

*RATE OUT OF 10 ?* 🫢👌
 
> OR ASK QUESTIONS,  SO, WE CAN UNDERSTAND YOUR NEEDS ASAP & GET BEST ACCOMMODATION. 

Click To See - REFER N EARN
","Gharpayy GLISS COED ⚡️ ❤️ we're glad you liked the rooms..   BALCONY TOO 

💥 ~15K Dual S~. - Reduced to 13K 
🔹 ~25k Private~- Specially for 23k

💥💯💥 Be Decisive - GET 2000 RS OFF EVERY MONTH, SAVE  MORE THAN 6000 RS ON 2 MONTHS STAY. VALID FOR  4 HOURS - PREBOOK IN 4K 💥💯💥 

AVAILABILITY  - 5 BEDS [ SUPER AMENITIES & COMPLIMENTARY GOOD FOOD.] N COWORKING, GAMES.","""📍 GHARPAYY GLISS COED

🚀 Attention: Pre-Booking Required! enjoy a seamless experience upon arrival! 

🎯DESTINATION https://maps.app.goo.gl/Q45VDHrjtKDtfkR87

Secure your spot before you regret it! See you soon in Bangalore!🏃‍♂️💨
""",3 Time veg & non veg,,eva coliving,https://maps.app.goo.gl/MMAddfGtba195Qjk6,,,9964718777,,sriram,7204019777,,,,"google.com/maps/place/HAVELI+COLIVING/@12.9602826,77.7124546,17z/data=!3m1!4b1!4m6!3m5!1s0x3bae13dcf939edad:0xaaf174d35cbccd9a!8m2!3d12.9602774!4d77.7150295!16s%2Fg%2F11vzbjzbp3?entry=tts&g_ep=EgoyMDI1MDExMC4wIPu8ASoASAFQAw%3D%3D"
4,METROFIELD,whitefield,"hopefarm, itpl,  Whitefield, ",,WHT,"flat type setup with sofa n fridge tv, 2W parking , daily cleaning. ",,14/23,"Yep,  _*EAGER TO SEE THE ACCOMMODATION ?*_ 👀 

 *GHARPAYY - METRO FIELD*  👉👉 https://stays.gharpayy.in/view?file=GG%20METROFIELD%20W.pdf  ♥️
> FULLY FURNISHED WITH    FOOD & GREAT AMENITIES. IT'S HAND-PICKED FOR YOU 🔑 PREBOOK & UNLOCK DISCOUNTS 

*RATE OUT OF 10 ?* 🫢👌
 
> OR ASK QUESTIONS,  SO, WE CAN UNDERSTAND YOUR NEEDS ASAP & GET BEST ACCOMMODATION. 

Click To See - REFER N EARN","⚡️ Welcome to Gharpayy METROFIELD - COED! ⚡️ ❤️ We're thrilled you loved our rooms.🚀 *Exclusive Offer Alert:* **2K OFF MONTHLY** 


💛Dual Sharing. - ~Originally 17k~, **now just 15k!*
❤️Private rooms - ~Formerly 27k~, **now specially priced at 24k!*

💥 Act Fast: Lock in your reservation NOW and save 2000+ RS every month on a 3-month stay! *Offer expires in 4 hours. *Prebook* now for just 3k!*🔥   enjoy complimentary good food.","📍GHARPAYY METROFIELD  -COED

🚀 Attention: Pre-Booking Required!   _enjoy a seamless experience upon arrival!_ 

🎯DESTINATION [ https://maps.app.goo.gl/mg2SiKg9ZeoND79v6 ]

 _secure your spot before you regret it! See you soon in Bangalore!_🏃‍♂️💨

> BEST METRO CONNECTIVITY FOR CONVENIENCE",3 Time veg & non veg,,hektor,https://maps.app.goo.gl/vzYGqWjdWb1sm7WE6,na,https://youtube.com/shorts/Vc0Yo0FFf1E,"9008122779

9008155699",Manager,,,,,,"https://www.google.com/maps/place/HEKTOR/@12.9860482,77.7427055,1106m/data=!3m2!1e3!4b1!4m6!3m5!1s0x3bae0f7d4715b5b7:0x7ec67f1823b78fa1!8m2!3d12.986043!4d77.7452804!16s%2Fg%2F11l32k0571?entry=ttu&g_ep=EgoyMDI1MTIwMi4wIKXMDSoASAFQAw%3D%3D"
4,SF VALLEY ,whitefield,"hopefarm, itpl,  Whitefield, ",,,"great property, newly, gYM, GAMES,",10,14/28,"Yep,  _*EAGER TO SEE THE ACCOMMODATION ?*_ 👀 

 *GHARPAYY - SF VALLEY*  👉👉 https://stays.gharpayy.in/view?file=GG%20SF%20VALLEY%20W.pdf  ♥️
> FULLY FURNISHED WITH    FOOD & GREAT AMENITIES. IT'S HAND-PICKED FOR YOU 🔑 PREBOOK & UNLOCK DISCOUNTS 

*RATE OUT OF 10 ?* 🫢👌
 
> OR ASK QUESTIONS,  SO, WE CAN UNDERSTAND YOUR NEEDS ASAP & GET BEST ACCOMMODATION. 

Click To See - REFER N EARN
","⚡️ Welcome to Gharpayy SF - VALLEY COED! ⚡️ ❤️ We're thrilled you loved our rooms.🚀 Exclusive Offer Alert: *2K OFF MONTHLY* GST INCLUSIVE. [ EXCLUDING FOOD ]


💛Dual Sharing. - ~Originally 17k~, *now just 15k!+
❤️Private rooms - ~Formerly 29k~, *now specially priced at 27k!

💥 Act Fast: Lock in your reservation NOW and save 2000+ RS every month on a 3-month stay! Offer expires in 12 hours. *Prebook now for just 3k!*🔥","📍GHARPAYY SF VALLEY 

🚀 Attention: Pre-Booking Required!   enjoy a seamless experience upon arrival! 

🎯DESTINATION [https://maps.app.goo.gl/4PmE3TkT2BtvkXNx7]

 secure your spot before you regret it! See you soon in Bangalore!🏃‍♂️💨",NO FOOD,,YELLO,,na,,,,,,,,,
4,whit coed,whitefield,"hopefarm, itpl,  Whitefield, ",,WHT,"balcony room, budget stay,  food included",20,D 9/ S 16,"Yep,  _*EAGER TO SEE THE ACCOMMODATION ?*_ 👀 

 *GHARPAYY - WHIT COED*  👉👉 https://stays.gharpayy.in/view?file=GG%20WHIT%20COED%20W.pdf  ♥️
> FULLY FURNISHED WITH    FOOD & GREAT AMENITIES. IT'S HAND-PICKED FOR YOU 🔑 PREBOOK & UNLOCK DISCOUNTS 

*RATE OUT OF 10 ?* 🫢👌
 
> OR ASK QUESTIONS,  SO, WE CAN UNDERSTAND YOUR NEEDS ASAP & GET BEST ACCOMMODATION. 

Click To See - REFER N EARN
","⚡️ Welcome to Gharpayy WHIT - COED! ⚡️ ❤️ We're thrilled you loved our rooms.🚀 *Exclusive Offer Alert:* **2K OFF MONTHLY** 

💛Dual Sharing. - ~Originally 11k~, **now just 9k!*
❤️Private rooms - ~Formerly 19k~, **now specially priced at 17k!*

💥 Act Fast: Lock in your reservation NOW and save 2000+ RS every month on a 3-month stay! *Offer expires in 4 hours. *Prebook* now for just 3k!*🔥   enjoy complimentary good food.","""📍GHARPAYY WHIT COED

🚀 Attention: Pre-Booking Required!   _enjoy a seamless experience upon arrival!_ 

🎯DESTINATION [https://maps.app.goo.gl/gWyt5JCjXRZed4WY6 ]

 _secure your spot before you regret it! See you soon in Bangalore!_🏃‍♂️💨""",3 Time veg & non veg,https://drive.google.com/drive/folders/129puC2NJ5GfxS8VxBJaM_A2agJZTSyWQ,oka colive,https://maps.app.goo.gl/pgLqWFcrn7PERxBs9,OKA COLIVING,,8639653441,sravya,8639653441,sravya,,,,"google.com/maps/place/Oka+Coliving/@12.9797746,77.7461351,148m/data=!3m1!1e3!4m6!3m5!1s0x3bae0f0063126653:0x43c827e1cb2e0f88!8m2!3d12.979951!4d77.7457829!16s%2Fg%2F11sbbzp26j?entry=tts&g_ep=EgoyMDI1MDYyMy4yIPu8ASoASAFQAw%3D%3D&skid=52c0d490-a95e-4167-8413-4b4c4b9fccdb"
5,BALC PHIX  BGM COED,bgm madadevpura,"Mahadevpura,Bagmane",,,"New Property,Very Close To Bagmane Tech Park,Good Food, Premium Stay",20,D 13/ S 22,0,"⚡️ Welcome to Gharpayy BALC PHIX - COED ⚡️ ❤️ We're thrilled you loved our rooms.🚀 *Exclusive Offer Alert:* **2K OFF MONTHLY** 

💛Dual Sharing. - ~Originally 15k~, **now just 13k!*
❤️Private rooms - ~Formerly 27k~, **now specially priced at 24k!*

💥 Act Fast: Lock in your reservation NOW and save 2000+ RS every month on a 3-month stay! *Offer expires in 4 hours. *Prebook* now for just 3k!*🔥   enjoy complimentary good food. NON VEG TOO","📍GHARPAYY BALC PHIX BGM!!!-COED

🚀 Attention: Pre-Booking Required!   enjoy a seamless experience upon arrival! 

🎯DESTINATION- https://maps.app.goo.gl/1etTC7JAqtfc6KKp6

 secure your spot before you regret it! See you soon in Bangalore!🏃‍♂️💨",3 Time veg & non veg,,ks bloom,https://maps.app.goo.gl/x4qm5Wv87z1MraaG8,ks bloom,,9959829782,vinay kumar,9959829782,vinay kumar,,,,"https://www.google.com/maps/place/SR+comforts+coliving/@12.9976131,77.6902652,17z/data=!3m1!4b1!4m6!3m5!1s0x3bae110014b676b7:0x62a9f2cd0446dae0!8m2!3d12.9976079!4d77.6928401!16s%2Fg%2F11vx6nj1jn?entry=tts&g_ep=EgoyMDI1MDExMC4wIPu8ASoASAFQAw%3D%3D"
5,ESTEEM COED,bgm madadevpura,Mahadevpura,,,"New Pg,All amenities,Premium Property",10,D 14/ S 23,"Yep,  _*EAGER TO SEE THE ACCOMMODATION ?*_ 👀 

 *GHARPAYY - ESTEEM COED*  👉👉 https://stays.gharpayy.in/view?file=GG%20ESTEEM%20COED%20M.pdf ♥️
> FULLY FURNISHED WITH    FOOD & GREAT AMENITIES. IT'S HAND-PICKED FOR YOU 🔑 PREBOOK & UNLOCK DISCOUNTS 

*RATE OUT OF 10 ?* 🫢👌
 
> OR ASK QUESTIONS,  SO, WE CAN UNDERSTAND YOUR NEEDS ASAP & GET BEST ACCOMMODATION. 

Click To See - REFER N EARN
","⚡️ Welcome to Gharpayy ESTEEM  - COED! ⚡️ ❤️ We're thrilled you loved our rooms.🚀 *Exclusive Offer Alert:* **2K OFF MONTHLY** 


💛Dual Sharing. - ~Originally 18k~, **now just 14k!*
❤️Private rooms - ~Formerly 27k~, **now specially priced at 25k!*

💥 Act Fast: Lock in your reservation NOW and save 2000+ RS every month on a 3-month stay! *Offer expires in 4 hours. *Prebook* now for just 3k!*🔥   enjoy complimentary good food.","📍GHARPAYY ESTEEM!!!  -COED

🚀 Attention: Pre-Booking Required!   _enjoy a seamless experience upon arrival!_ 

🎯DESTINATION: https://maps.app.goo.gl/XA1cnj8SRYavUjZq7

 _secure your spot before you regret it! See you soon in Bangalore!_🏃‍♂️💨",3 Time veg & non veg,https://drive.google.com/drive/folders/1Cl6BzJePBjG0BmBIeGlS-YpzhZ0Nk6Yq,signature PRIDE,https://maps.app.goo.gl/NEZgFLx4GQL7KQPV6,gharpayy signature,,9912969023,anjaniya,7204019777,sriram,,,,
5,bgm max coed,bgm madadevpura,"bagmane, mahadevapura,  cv raman",,,"extremely budget friendly, mini gym & games. definitely coliving ",10,D 13/ S21,"Yep,  _*EAGER TO SEE THE ACCOMMODATION ?*_ 👀 

 *GHARPAYY - BGM MAX COED*  👉👉 https://stays.gharpayy.in/view?file=GG%20BGM%20MAX%20COED.pdf  ♥️
> FULLY FURNISHED WITH    FOOD & GREAT AMENITIES. IT'S HAND-PICKED FOR YOU 🔑 PREBOOK & UNLOCK DISCOUNTS 

*RATE OUT OF 10 ?* 🫢👌
 
> OR ASK QUESTIONS,  SO, WE CAN UNDERSTAND YOUR NEEDS ASAP & GET BEST ACCOMMODATION. 

Click To See - REFER N EARN","⚡️ Welcome to Gharpayy BGM MAX - COED ! ⚡️ ❤️ We're thrilled you loved our rooms.🚀 *Exclusive Offer Alert:* **2K OFF MONTHLY** 

💛Dual Sharing. - ~Originally 15k~, **now just 13k!*
❤️Private rooms - ~Formerly 25k~, **now specially priced at 23k!*

💥 Act Fast: Lock in your reservation NOW and save 2000+ RS every month on a 3-month stay! *Offer expires in 4 hours. *Prebook* now for just 3k!*🔥   enjoy complimentary good food.","📍GHARPAYY BGM MAX COED

🚀 Attention: Pre-Booking Required!   _enjoy a seamless experience upon arrival!_ 

🎯DESTINATION : https://maps.app.goo.gl/QuLYHW5y9i1yt1qQA

 _secure your spot before you regret it! See you soon in Bangalore!_🏃‍♂️💨",3 Time veg & non veg,https://drive.google.com/drive/folders/12I9UlPNE4EI6vHLSu6l6YP8c02IcTUJK,mr n mrs mahadev,https://maps.app.goo.gl/a6mkKkVre7umKyrb8,,,7013603027,basha,7204019777,sriram,,,,"https://www.google.com/maps/place/Mr+%26+Ms+Best+coliving+PG+mahadevpura(Luxury+stay+for+Gents+and+ladies),+Garudachar+Palya,+Mahadevapura,+Bengaluru,+Karnataka+560048/data=!4m2!3m1!1s0x3bae113e7c2bd379:0xa70dbb0e48713a53?utm_source=mstt_1&entry=gps&lucs=,47075915,47084387&g_ep=CAESCjExLjExOS4xMDEYACDXggMqEiw0NzA3NTkxNSw0NzA4NDM4N0ICSU4%3D"
5,PHIX BGM,bgm madadevpura,"Mahadevpura,Bagmane",,,"New Property,Very Close To Bagmane Tech Park,Good Food, Premium Stay",10, D 12/ S 22,"Yep,  _*EAGER TO SEE THE ACCOMMODATION ?*_ 👀 

 *GHARPAYY - PHIX BGM*  👉👉
 https://stays.gharpayy.in/view?file=GG%20PHIX%20BGM.pdf  ♥️
> FULLY FURNISHED WITH    FOOD & GREAT AMENITIES. IT'S HAND-PICKED FOR YOU 🔑 PREBOOK & UNLOCK DISCOUNTS 

*RATE OUT OF 10 ?* 🫢👌
 
> OR ASK QUESTIONS,  SO, WE CAN UNDERSTAND YOUR NEEDS ASAP & GET BEST ACCOMMODATION. 

Click To See - REFER N EARN","⚡️ Welcome to Gharpayy PHIX - COED ⚡️ ❤️ We're thrilled you loved our rooms.🚀 *Exclusive Offer Alert:* **2K OFF MONTHLY** 

💛Dual Sharing. - ~Originally 15k~, **now just 12.5k!*
❤️Private rooms - ~Formerly 27k~, **now specially priced at 22k!*

💥 Act Fast: Lock in your reservation NOW and save 2000+ RS every month on a 3-month stay! *Offer expires in 4 hours. *Prebook* now for just 3k!*🔥   enjoy complimentary good food. NON VEG TOO","📍GHARPAYY PHIX BGM!!!-COED

🚀 Attention: Pre-Booking Required!   enjoy a seamless experience upon arrival! 

🎯DESTINATION- https://maps.app.goo.gl/1etTC7JAqtfc6KKp6

 secure your spot before you regret it! See you soon in Bangalore!🏃‍♂️💨",3 Time veg & non veg,https://drive.google.com/drive/folders/1ALGY9GuJhem1H_-YORbbCU8qk3S1ILqy,sr comfort,https://maps.app.goo.gl/stLK4mZq5Us2Scr78,sr comforts,,"9740742988

""77308 11511
Jagadesh""",ramachandra,9663194940,sudhankar reddy,,"77308 11511
Jagadesh",,"https://www.google.com/maps/place/SR+comforts+coliving/@12.9976131,77.6902652,17z/data=!3m1!4b1!4m6!3m5!1s0x3bae110014b676b7:0x62a9f2cd0446dae0!8m2!3d12.9976079!4d77.6928401!16s%2Fg%2F11vx6nj1jn?entry=tts&g_ep=EgoyMDI1MDExMC4wIPu8ASoASAFQAw%3D%3D"
6,wise boys,ypr campus,,,,,70,13/21,0,"Welcome to Gharpayy WISE - BOYS! ⚡️ ❤️ We're thrilled you loved our rooms.🚀 Exclusive Offer Alert: *2K OFF MONTHLY* 


💛Dual Sharing. - ~Originally 16k~, *now just 14k!
❤️Private rooms - ~Formerly 25k~, *now specially priced at 23k!

💥 Act Fast: Lock in your reservation NOW and save 2000+ RS every month on a 11-month stay! Offer expires in 12 hours. *Prebook now for just 10k!*🔥   enjoy complimentary good food.""","""📍GHARPAYY WISE-BOYS! 750 Mtr   From campus

🚀 Attention: Pre-Booking Required!   enjoy a seamless experience upon arrival! 

🎯DESTINATION [ https://maps.app.goo.gl/2i8xYsTyaY2NEJNe9 ] OFFICE OPPOSITE  FOR PHYSICAL VISITS


GharPayy - Super Stays Christ Yeshwanthpur
https://g.co/kgs/TcnUK34  secure your spot before you regret it! See you soon in Bangalore!🏃‍♂️💨""",4 times,https://drive.google.com/drive/folders/1VYqakkKWvvDKkjtLZmCflv5Oa8idDflo,900  MTR ADLER BOYS,,,,8217863474,bhuwan,,,,,,"https://www.google.com/maps/place/Prabha+Enclave+Boys+PG/@13.0361625,77.495835,1105m/data=!3m2!1e3!4b1!4m6!3m5!1s0x3bae3d01793a6b35:0xf9a245f0037c1dee!8m2!3d13.0361573!4d77.4984099!16s%2Fg%2F11wv2fd9sw?entry=ttu&g_ep=EgoyMDI1MTIwMi4wIKXMDSoASAFQAw%3D%3D"
6,paradise girls,ypr campus,,,,,70,18/15,0,"Welcome to Gharpayy Paradise - GIRLS! ⚡️ ❤️ We're thrilled you loved our rooms.🚀 Exclusive Offer Alert: *2K OFF MONTHLY* 


💛Dual Sharing. - ~Originally 22k~, *now just 20k!
❤️Triple rooms - ~Formerly 20k~, *now specially priced at 17k!

💥 Act Fast: Lock in your reservation NOW and save 2000+ RS every month on a 11-month stay! Offer expires in 12 hours. *Prebook now for just 10k!*🔥   enjoy complimentary good food.""","""📍GHARPAYY PARADISE GIRLS! 350 Mtr   From campus

🚀 Attention: Pre-Booking Required!   enjoy a seamless experience upon arrival! 

🎯DESTINATION [ https://maps.app.goo.gl/2i8xYsTyaY2NEJNe9 ] OFFICE OPPOSITE  FOR PHYSICAL VISITS


GharPayy - Super Stays Christ Yeshwanthpur
https://g.co/kgs/TcnUK34  secure your spot before you regret it! See you soon in Bangalore!🏃‍♂️💨""",4 times,https://drive.google.com/drive/folders/12BE0UQ1DUktmDg1vxL0tRMHoDb3hikto,BEST GIRLS ADL,,,,9686025547,radhika,,,,,,
6,fort boys,ypr campus,,,,,10,15,0,"Welcome to Gharpayy FORT BOYS! ⚡️ ❤️ We're thrilled you loved our rooms.🚀 Exclusive Offer Alert: *2K OFF MONTHLY* 


💛Dual Sharing. - ~Originally 19k~, *now just 17k!


💥 Act Fast: Lock in your reservation NOW and save 2000+ RS every month on a 11-month stay! Offer expires in 12 hours. *Prebook now for just 10k!*🔥   enjoy complimentary good food.""","📍GHARPAYY FORT-BOYS! 450 Mtr   From campus

🚀 Attention: Pre-Booking Required!   enjoy a seamless experience upon arrival! 

🎯DESTINATION [ https://maps.app.goo.gl/2i8xYsTyaY2NEJNe9 ] OFFICE OPPOSITE  FOR PHYSICAL VISITS


GharPayy - Super Stays Christ Yeshwanthpur
https://g.co/kgs/TcnUK34  secure your spot before you regret it! See you soon in Bangalore!🏃‍♂️💨",4 times,https://drive.google.com/drive/folders/1ReXSPowGy1Zy1W3Id_aIA4MM1d2csBC8,PUZZLES BRAVADO,,,,,,,,,,,
6,quiq girls,ypr campus,,,,,10,,0,"Welcome to Gharpayy QUIQ - GIRLS! ⚡️ ❤️ We're thrilled you loved our rooms.🚀 Exclusive Offer Alert: *2K OFF MONTHLY* 


💛Dual Sharing. - ~Originally 16k~, *now just 14k!
❤️Private rooms - ~Formerly 28k~, *now specially priced at 26k!

💥 Act Fast: Lock in your reservation NOW and save 2000+ RS every month on a 11-month stay! Offer expires in 12 hours. *Prebook now for just 10k!*🔥   enjoy complimentary good food.""","📍GHARPAYY QUIQ-GIRLS! 450 Mtr   From campus

🚀 Attention: Pre-Booking Required!   enjoy a seamless experience upon arrival! 

🎯DESTINATION [ https://maps.app.goo.gl/2i8xYsTyaY2NEJNe9 ] OFFICE OPPOSITE  FOR PHYSICAL VISITS


GharPayy - Super Stays Christ Yeshwanthpur
https://g.co/kgs/TcnUK34  secure your spot before you regret it! See you soon in Bangalore!🏃‍♂️💨",4 times,https://drive.google.com/drive/folders/146jI_pXtTabwoYHESOG91M1KOQNLWCvB,OLD GIRLS ADL,,,,,,,,,,,
6,destiny boys,ypr campus,,,,,40,,0,"Welcome to Gharpayy DESTINY- BOYS! ⚡️ ❤️ We're thrilled you loved our rooms.🚀 Exclusive Offer Alert: *4K OFF MONTHLY* 


💛Dual Sharing. - ~Originally 16k~, *now just 12k!
❤️Private rooms - ~Formerly 25k~, *now specially priced at 21k!

💥 Act Fast: Lock in your reservation NOW and save 4000+ RS every month on a 11-month stay! Offer expires in 12 hours. *Prebook now for just 10k!*🔥   enjoy complimentary good food.""","📍GHARPAYY DESTINY-BOYS! 950 Mtr   From campus

🚀 Attention: Pre-Booking Required!   enjoy a seamless experience upon arrival! 

🎯DESTINATION [ https://maps.app.goo.gl/2i8xYsTyaY2NEJNe9 ] OFFICE OPPOSITE  FOR PHYSICAL VISITS


GharPayy - Super Stays Christ Yeshwanthpur
https://g.co/kgs/TcnUK34  secure your spot before you regret it! See you soon in Bangalore!🏃‍♂️💨",4 times,,SLN FAR BOYS,,,,,,,,,,,
6,byg girls,ypr campus,,,,,50,,0,"Welcome to Gharpayy BYG - GIRLS! ⚡️ ❤️ We're thrilled you loved our rooms.🚀 Exclusive Offer Alert: *2K OFF MONTHLY* 


💛Dual Sharing. - ~Originally 18k~, *now just 16k!
❤️Triple Sharing - ~Formerly 16k~, *now specially priced at 13k!

💥 Act Fast: Lock in your reservation NOW and save 2000+ RS every month on a 11-month stay! Offer expires in 12 hours. *Prebook now for just 10k!*🔥   enjoy complimentary good food.""","📍GHARPAYY BYG-GIRLS! 750 Mtr   From campus

🚀 Attention: Pre-Booking Required!   enjoy a seamless experience upon arrival! 

🎯DESTINATION [ https://maps.app.goo.gl/2i8xYsTyaY2NEJNe9 ] OFFICE OPPOSITE  FOR PHYSICAL VISITS


GharPayy - Super Stays Christ Yeshwanthpur
https://g.co/kgs/TcnUK34  secure your spot before you regret it! See you soon in Bangalore!🏃‍♂️💨",4 times,,STR GIRLS,,,,,,,,,,,
6,meteor girls,ypr campus,,,,,70,,0,"Welcome to Gharpayy METEOR - GIRLS! ⚡️ ❤️ We're thrilled you loved our rooms.🚀 Exclusive Offer Alert: *2K OFF MONTHLY* 


💛Dual Sharing. - ~Originally 18k~, *now just 16k!
❤️Triple rooms - ~Formerly 15k~, *now specially priced at 13k!

💥 Act Fast: Lock in your reservation NOW and save 2000+ RS every month on a 11-month stay! Offer expires in 12 hours. *Prebook now for just 10k!*🔥   enjoy complimentary good food.""","📍GHARPAYY METEOR-GIRLS! 550 Mtr   From campus

🚀 Attention: Pre-Booking Required!   enjoy a seamless experience upon arrival! 

🎯DESTINATION [ https://maps.app.goo.gl/2i8xYsTyaY2NEJNe9 ] OFFICE OPPOSITE  FOR PHYSICAL VISITS


GharPayy - Super Stays Christ Yeshwanthpur
https://g.co/kgs/TcnUK34  secure your spot before you regret it! See you soon in Bangalore!🏃‍♂️💨",4 times,https://drive.google.com/drive/folders/1-UyDP5nUIf4GEPuVs9e56yldvOobuBLH,GIRLS OLD ADL,,,,,,,,,,,"https://www.google.com/maps/place/New-Adler+Stays+Girls+Pg/@13.0402946,77.5021008,221m/data=!3m1!1e3!4m6!3m5!1s0x3bae3dd9edadc261:0x583f32d69a163932!8m2!3d13.0403185!4d77.502106!16s%2Fg%2F11ldw1dnwn?entry=tts&g_ep=EgoyMDI1MTIwMi4wIPu8ASoASAFQAw%3D%3D&skid=0027e9f5-bedc-4d71-8306-91e6d878d170"
99,bgm kingdom,bgm madadevpura,"bagmane, mahadevapura,  cv raman",,,"extremely budget friendly, mini gym & games. definitely coliving ",10,,0,"⚡️ Welcome to Gharpayy BGM KINGDOM - COED ! ⚡️ ❤️ We're thrilled you loved our rooms.🚀 *Exclusive Offer Alert:* **2K OFF MONTHLY** 

🧡Triple Sharing. - ~Was 12k~, **now only 10k!*
💛Dual Sharing. - ~Originally 15k~, **now just 13k!*
❤️Private rooms - ~Formerly 25k~, **now specially priced at 23k!*

💥 Act Fast: Lock in your reservation NOW and save 2000+ RS every month on a 3-month stay! *Offer expires in 4 hours. *Prebook* now for just 3k!*🔥   enjoy complimentary good food.","📍GHARPAYY BGM KINGDOM COED

🚀 Attention: Pre-Booking Required!   _enjoy a seamless experience upon arrival!_ 

🎯DESTINATION [https://maps.app.goo.gl/NXAdf9dNhp6NuYcs5 ]

 _secure your spot before you regret it! See you soon in Bangalore!_🏃‍♂️💨",3 Time veg & non veg,,king n queen mdc,https://maps.app.goo.gl/HyDWPVsmgizEWTT9A,,,7989017708,,,,,,,
99,Quin GIRL KS,koramangla,"IBC knowledge,  baneraghata road,  5km , dairy circle, jayanagar,  jp",,,"super close to everything , common area , good pg food  , next to mall",10,,"Yep,  _*EAGER TO SEE THE ACCOMMODATION ?*_ 👀 

 *GHARPAYY - QUIN GIRLS KS*  👉👉 https://stays.gharpayy.in/view?file=GG%20QUIN%20GIRLS%20KS.pdf  ♥️
> FULLY FURNISHED WITH    FOOD & GREAT AMENITIES. IT'S HAND-PICKED FOR YOU 🔑 PREBOOK & UNLOCK DISCOUNTS 

*RATE OUT OF 10 ?* 🫢👌
 
> OR ASK QUESTIONS,  SO, WE CAN UNDERSTAND YOUR NEEDS ASAP & GET BEST ACCOMMODATION. 

Click To See - REFER N EARN
","⚡️ Welcome to Gharpayy QUIN - GIRLS! ⚡️ ❤️ We're thrilled you loved our rooms.🚀 *Exclusive Offer Alert:* **2K OFF MONTHLY** 

💛Dual Sharing. - ~Originally 17k~, **now just 15k!*
❤️Private rooms - ~Formerly 27k~, **now specially priced at 25k!*

💥 Act Fast: Lock in your reservation NOW and save 2000+ RS every month on a 3-month stay! *Offer expires in 4 hours. *Prebook* now for just 3k!*🔥   enjoy complimentary good food.","📍GHARPAYY Quin GIRLS

🚀 Attention: Pre-Booking Required!   _enjoy a seamless experience upon arrival!_ 

🎯DESTINATION { https://maps.app.goo.gl/cokeKf8enryASuxP9 ]

 _secure your spot before you regret it! See you soon in Bangalore!_🏃‍♂️💨",4 times veg only,,class house,https://maps.app.goo.gl/mGcCjQ57qNFXpyfF9,,,,,,,,,,
99,Ace Girls,koramangla,"Madiwala ,sg palya dairy circle ",,,"jack of all trades - best pg, super big almirah,  wakefit matress, snooker, chesss, carrom , ",4,,"Yep,  _*EAGER TO SEE THE ACCOMMODATION ?*_ 👀 

 *GHARPAYY - ACE GIRLS*  👉👉 https://stays.gharpayy.in/view?file=GG%20%20ACE%20GIRLS%20K.pdf  ♥️
> FULLY FURNISHED WITH    FOOD & GREAT AMENITIES. IT'S HAND-PICKED FOR YOU 🔑 PREBOOK & UNLOCK DISCOUNTS 

*RATE OUT OF 10 ?* 🫢👌
 
> OR ASK QUESTIONS,  SO, WE CAN UNDERSTAND YOUR NEEDS ASAP & GET BEST ACCOMMODATION. 

Click To See - REFER N EARN
","⚡️ Welcome to Gharpayy ACE 💥 GIRLS ! ⚡️ ❤️ We're thrilled you loved our rooms.🚀 Exclusive Offer Alert: *2K OFF MONTHLY* 

💛Dual Sharing. - ~Originally 25k~, *now just 23k!
❤️Ac Big Dual rooms - ~Formerly 27k~, *now specially priced at 25k!

💥 Act Fast: Lock in your reservation NOW and save 2000+ RS every month on a 11-month stay! Offer expires in 4 hours. *Prebook now for just 10k!*🔥   enjoy complimentary good food.","📍GHARPAYY ACE 💥 GIRLS 

🚀 Attention: Pre-Booking Required!   enjoy a seamless experience upon arrival! 

🎯DESTINATION [ https://g.co/kgs/P2Y3STi  ]

 secure your spot before you regret it! See you soon in Bangalore!🏃‍♂️💨",4 times veg only,https://drive.google.com/drive/folders/10uQFM6x9y6ueoSH1fQ4fu_ykSCaVkAlR,puzzles living grandeur house,https://maps.app.goo.gl/NgZdw7QSM23VsNpW9,,,7619210662,,9606333530,ravi,,,,
99,eco coed,bellandur,"ecoworld,  etc bellandur,  flipkart ",,,"PEAK LOCATION, NEWLY BUILT WITH LOVE, POCKET FRIENDLY ",,,"Yep,  _*EAGER TO SEE THE ACCOMMODATION ?*_ 👀 

 *GHARPAYY - ECO COED*  👉👉 https://stays.gharpayy.in/view?file=GG%20ECO%20COED%20B.pdf  ♥️
> FULLY FURNISHED WITH    FOOD & GREAT AMENITIES. IT'S HAND-PICKED FOR YOU 🔑 PREBOOK & UNLOCK DISCOUNTS 

*RATE OUT OF 10 ?* 🫢👌
 
> OR ASK QUESTIONS,  SO, WE CAN UNDERSTAND YOUR NEEDS ASAP & GET BEST ACCOMMODATION. ","⚡️ Welcome to Gharpayy ECO - COED! ⚡️ ❤️ We're thrilled you loved our rooms.🚀 *Exclusive Offer Alert:* **2K OFF MONTHLY** 

🧡Triple Sharing. - ~Was 11k~, **now only 9k!*
💛Dual Sharing. - ~Originally 15k~, **now just 13k!*
❤️Private rooms - ~Formerly 25k~, **now specially priced at 23k!*

💥 Act Fast: Lock in your reservation NOW and save 2000+ RS every month on a 3-month stay! *Offer expires in 4 hours. *Prebook* now for just 3k!*🔥   enjoy complimentary good food.","📍GHARPAYY ECO COED

🚀 Attention: Pre-Booking Required!   _enjoy a seamless experience upon arrival!_ 

🎯DESTINATION [https://maps.app.goo.gl/2VRqASzDKvTc8j7S9 ]

 _secure your spot before you regret it! See you soon in Bangalore!_🏃‍♂️💨",3 TIMES VEG/NON VEG,,leo ,https://maps.app.goo.gl/7v7B6PvEzL5wYGNw8,,,9501231237,,,,,,,
99,qual girls,bellandur,"ecoworld,  etc bellandur,  flipkart ",,,"great property, newly, gYM, GAMES,",,,"Yep,  _*EAGER TO SEE THE ACCOMMODATION ?*_ 👀 

 *GHARPAYY - QUAL GIRLS*  👉👉 https://stays.gharpayy.in/view?file=GG%20QUAL%20GIRLS%20B.pdf f ♥️
> FULLY FURNISHED WITH    FOOD & GREAT AMENITIES. IT'S HAND-PICKED FOR YOU 🔑 PREBOOK & UNLOCK DISCOUNTS 

*RATE OUT OF 10 ?* 🫢👌
 
> OR ASK QUESTIONS,  SO, WE CAN UNDERSTAND YOUR NEEDS ASAP & GET BEST ACCOMMODATION. 

Click To See - REFER N EARN","⚡️ Welcome to Gharpayy QUAL - GIRLS! ⚡️ ❤️ We're thrilled you loved our rooms.🚀 *Exclusive Offer Alert:* **2K OFF MONTHLY** 

🧡Triple Sharing. - ~Was 14k~, **now only 12k!*
💛Dual Sharing. - ~Originally 17k~, **now just 15k!*
❤️Private rooms - ~Formerly 27k~, **now specially priced at 25k!*

💥 Act Fast: Lock in your reservation NOW and save 2000+ RS every month on a 3-month stay! *Offer expires in 4 hours. *Prebook* now for just 3k!*🔥   enjoy complimentary good food.","📍GHARPAYY QUAL-GIRLS!

🚀 Attention: Pre-Booking Required!   _enjoy a seamless experience upon arrival!_ 

🎯DESTINATION [ https://maps.app.goo.gl/8rH5MTcVMKWMY2DAA ]

 _secure your spot before you regret it! See you soon in Bangalore!_🏃‍♂️💨",3 TIMES VEG/NON VEG,,sapthagiri,https://maps.app.goo.gl/PSTTLsGAx4DnhqtR8,,,,,,,,,,
,etv luxe coed,bellandur,"ecoworld,  etc bellandur,  flipkart ",,,"NEWEST PGPRIME LOCATION, WFH ENABLER, FOOD GOOD,",,,,"""⚡️ Welcome to Gharpayy ETV LUX! ⚡️ ❤️ We're thrilled you loved our rooms.🚀 Exclusive *MAHA SHIVRATRI* Offer Alert:* **3K OFF MONTHLY** 

💛Dual Sharing. - ~Originally 18k~, **now just 15k!*
❤️Private rooms - ~Formerly 28k~, **now specially priced at 25k!*

💥 Act Fast: Lock in your reservation NOW and save 2000+ RS every month on a 3-month stay! *Offer expires in few hours. *Prebook* now for just 5k!*🔥   enjoy complimentary good food.""","GHARPAYY ETV LUX COED!
🚀 Attention: Pre-Booking Required!   enjoy a seamless experience upon arrival! 

🎯DESTINATION [https://maps.app.goo.gl/Dk2HJpnVUsQCeH9N8 ]

 secure your spot before you regret it! See you soon in Bangalore!🏃‍♂️",3 TIMES VEG/NON VEG,,echo coliving,https://maps.app.goo.gl/BU6DMKkDCzJ8x2jY6,,,9739997392,,9739997392,,,,,"https://www.google.com/maps/place/ECHO-LIVING+COLIVING+PG+%7C+PG+Near+Embassy+Tech+Park+Kadubeesanahalli/@12.9311961,77.527376,12z/data=!4m7!3m6!1s0x3bae13f665192183:0x287ee6fdccd21a06!8m2!3d12.9273588!4d77.696143!15sChBlY2hvIGNvbGl2aW5nIHBnWhIiEGVjaG8gY29saXZpbmcgcGeSARFzdHVkZW50X2Rvcm1pdG9yeZoBJENoZERTVWhOTUc5blMwVkpRMEZuU1VNM1owOXlhemRuUlJBQuABAPoBBAhLEEs!16s%2Fg%2F11w2_ppzvx?entry=tts&g_ep=EgoyMDI1MDExMC4wIPu8ASoASAFQAw%3D%3D"
,brookstudio coed,Brookfield ,"brookfield,aecs, kundanhalii,hopefarm, itpl,  Whitefield, ",,,"NEWEST PGPRIME LOCATION, WFH ENABLER, FOOD GOOD,",,,,"""⚡️ Welcome to Gharpayy BROOKSTUDIO COED ! ⚡️ ❤️ We're thrilled you loved our rooms.🚀 *Exclusive Offer Alert:* **2K OFF MONTHLY** 

💛Dual Sharing. - ~Originally 18k~, **now just 16k!*
❤️Private rooms - ~Formerly 31k~, **now specially priced at 29k!*

💥 Act Fast: Lock in your reservation NOW and save 2000+ RS every month on a 3-month stay! *Offer expires in few hours. *Prebook* now for just 5k!*🔥   enjoy complimentary good food.""","GHARPAYY BROOKSTUDIO !
 🚀 Attention: Pre-Booking Required!   enjoy a seamless experience upon arrival! 

🎯DESTINATION [  https://maps.app.goo.gl/YZkCmvHyaurk3pbR8 ]

 secure your spot before you regret it! See you soon in Bangalore!🏃‍♂️💨",,,arcade,https://maps.app.goo.gl/aTahg22L9AcPE9gA7,arcadexgharpayy,,9845594559,kishore,9845594559,kishore,,,,
,etv g8 girls,bellandur,"ecoworld,  etc bellandur,  flipkart ",,,"NEWEST PGPRIME LOCATION, WFH ENABLER, FOOD GOOD,",,,,"""⚡️ Welcome to Gharpayy ETV G8 GIRLS ⚡️ ❤️ We're thrilled you loved our rooms.🚀 *Exclusive Offer Alert:* **2K OFF MONTHLY** 

🧡Triple Sharing. - ~Was 11k~, **now only 9k!*
💛Dual Sharing. - ~Originally 14k~, **now just 12k!*
❤️Private rooms - ~Formerly 26k~, **now specially priced at 23k!*

💥 Act Fast: Lock in your reservation NOW and save 2000+ RS every month on a 3-month stay! *Offer expires in 24 hours. *Prebook* now for just 5k!*🔥   enjoy complimentary good food.""","GHARPAYY ETV G8 GIRLS
🚀 Attention: Pre-Booking Required!   enjoy a seamless experience upon arrival! 

🎯DESTINATION [https://maps.app.goo.gl/Dk2HJpnVUsQCeH9N8 ]

 secure your spot before you regret it! See you soon in Bangalore!🏃‍♂️",3 TIMES VEG/NON VEG,,,,,,,,,,,,,
,comfy coed,Brookfeild ,"brookfield,aecs, kundanhalii,hopefarm, itpl,  Whitefield, ",,,"NEWEST PGPRIME LOCATION, WFH ENABLER, FOOD GOOD,",,,,"""⚡️ Welcome to Gharpayy  COMFY  COED  ⚡️ ❤️ We're thrilled you loved our rooms.🚀 *Exclusive Offer Alert:* **2K OFF MONTHLY** 

💛Dual Sharing. - ~Originally 17k~, **now just 15k!*
❤️Private rooms - ~Formerly 25k~, **now specially priced at 23k!*

💥 Act Fast: Lock in your reservation NOW and save 2000+ RS every month on a 3-month stay! *Offer expires in few hours. *Prebook* now for just 5k!*🔥   enjoy complimentary good food.""","GHARPAYY COMFY COED - FLATLIKE  !
 🚀 Attention: Pre-Booking Required!   enjoy a seamless experience upon arrival! 

🎯DESTINATION [ https://maps.app.goo.gl/NFxceVNPZWcbq6NL7 ]

 secure your spot before you regret it! See you soon in Bangalore!🏃‍♂️💨",3 TIMES VEG/NON VEG,,,,,,,,,,,,,
,bella gc flats GIRLS,bellandur,"ecoworld,  etc bellandur,  flipkart ",,,"NEWEST PGPRIME LOCATION, WFH ENABLER, FOOD GOOD,",,,,"""⚡️ Welcome to Gharpayy  BELLA G/C FLATS! ⚡️ ❤️ We're thrilled you loved our rooms.🚀 *Exclusive Offer Alert:* **2K OFF MONTHLY** 

💛Dual Sharing. - ~Originally 18k~, **now just 16k!*
❤️Private rooms - ~Formerly 31k~, **now specially priced at 29k!*

💥 Act Fast: Lock in your reservation NOW and save 2000+ RS every month on a 3-month stay! *Offer expires in few hours. *Prebook* now for just 5k!*🔥   enjoy complimentary good food.""","GHARPAYY BELLA GC FLATS - FLATLIKE  !
 🚀 Attention: Pre-Booking Required!   enjoy a seamless experience upon arrival! 

🎯DESTINATION [ https://maps.app.goo.gl/NFxceVNPZWcbq6NL7 ]

 secure your spot before you regret it! See you soon in Bangalore!🏃‍♂️💨",3 TIMES VEG/NON VEG,,Arcade inn,https://maps.app.goo.gl/J7hPHqNVFsENgZMJ6,arcadexgharpayy,,9845594559,kishore,,,,,,
,byg coed,Koramangala,"silk board, Koramangala, sg palya, MG road,  nexus",,,"NEWEST PGPRIME LOCATION, WFH ENABLER, FOOD GOOD,",,12/23,,"""⚡️ Welcome to Gharpayy BYG COED! ⚡️ ❤️ We're thrilled you loved our rooms.🚀 *Exclusive Offer Alert:* **2K OFF MONTHLY** 

💛Dual Sharing. - ~Originally 15k~, **now just 13k!*
❤️Private rooms - ~Formerly 26k~, **now specially priced at 25k!*

💥 Act Fast: Lock in your reservation NOW and save 2000+ RS every month on a 3-month stay! *Offer expires in few hours. *Prebook* now for just 5k!*🔥   enjoy complimentary good food.""","GHARPAYY BYG COED!
🚀 Attention: Pre-Booking Required!   enjoy a seamless experience upon arrival! 

🎯DESTINATION [https://maps.app.goo.gl/iFrPomz1xsdUjkGP9 ]

 secure your spot before you regret it! See you soon in Bangalore!🏃‍♂️💨",3 TIMES VEG/NON VEG,https://drive.google.com/drive/folders/1NuolydFlt7ZUQgoCj9J8m10-oExMqFdH,Siva malleswari  coliving,,,,7337433078,prasad,prasad,,,,,
,elite COED ,Koramangala,"silk board, Koramangala, sg palya, MG road,  nexus",,,"NEWEST PGPRIME LOCATION, WFH ENABLER, FOOD GOOD,",,T 10 / D 14 / S 21 ,,"""⚡️ Welcome to Gharpayy  ELITE COED! ⚡️ ❤️ We're thrilled you loved our rooms.🚀 *Exclusive Offer Alert:* **2K OFF MONTHLY** 
🧡Triple Sharing. - ~Was 14k~, **now only 12k!*
💛Dual Sharing. - ~Originally 17k~, **now just 15k!*
❤️Private rooms - ~Formerly 25k~, **now specially priced at 23k!*

💥 Act Fast: Lock in your reservation NOW and save 2000+ RS every month on a 3-month stay! *Offer expires in few hours. *Prebook* now for just 5k!*🔥   enjoy complimentary good food.""","GHARPAYY ELITE COED.
🚀 Attention: Pre-Booking Required! enjoy a seamless experience upon arrival! 

🎯DESTINATION : https://maps.app.goo.gl/FYuooqoSNE6uyZVQ7

Secure your spot before you regret it! See you soon in Bangalore!🏃‍♂️💨",3 TIMES VEG/NON VEG  ONLY,https://drive.google.com/drive/folders/1YavJCkvQfB9PGtwlanks_KAi60YJ4PxJ,kalpavriksha 5 new,https://maps.app.goo.gl/thxsSFyTPVDDuUfU6,,https://youtube.com/shorts/LS08NXrK_bE,8217411288,monish,,,,,,"https://www.google.com/maps/place/Kalpavriksha+student+pg+unit+5/@12.93092,77.6052661,17z/data=!4m7!3m6!1s0x3bae15005d97fcf1:0x7b31b26320c21f46!8m2!3d12.9334953!4d77.6108984!15sCiVLYWxwYXZyaWtzaGEgKFVuaXQgNSkgU3R1ZGVudCBIb3VzaW5nkgEPaG91c2luZ19jb21wbGV44AEA!16s%2Fg%2F11y7wjwklp?entry=tts&g_ep=EgoyMDI1MDExMC4wIPu8ASoASAFQAw%3D%3D"
,ITP COED ,Brookfeild ,"brookfield,aecs, kundanhalii,hopefarm, itpl,  Whitefield, ",,WHT,"NEWEST PGPRIME LOCATION, WFH ENABLER, FOOD GOOD,",,10/13/22,,"""⚡️ Welcome to Gharpayy ITP COED ⚡️ ❤️ We're thrilled you loved our rooms.🚀 Exclusive *PRE BOOKING* Offer Alert:* **FLAT 3K OFF MONTHLY** 

🧡Triple Sharing. - ~Was 13k~, **now only 10k!*
💛Dual Sharing. - ~Originally 16k~, **now just 13k!*
❤️Private rooms - ~Formerly 26k~, **now specially priced at 23k!*

💥 Act Fast: Lock in your reservation NOW and save 2000+ RS every month on a 3-month stay! *Offer expires in 4 hours. *Prebook* now for just 5k!*🔥   enjoy complimentary good food.""","GHARPAYY ITP COED   !
 🚀 Attention: Pre-Booking Required!   enjoy a seamless experience upon arrival! 

🎯DESTINATION [ https://maps.app.goo.gl/vtfw6ECtQLMcySVTA ]

 secure your spot before you regret it! See you soon in Bangalore!🏃‍♂️💨",3 TIMES VEG/NON VEG,,aa premium coliving,https://maps.app.goo.gl/PLUaxhLm7wcVrKsM7,,,9164515777,,9164515777,,,,,"https://www.google.com/maps/place/107,+AA+Premium+Coliving+PG,+ITPL+Backgate,+Pattandur+Agrahara+Village+Main+Rd,+behind+S.Mahatma+Temple,+KIADB+Export+Promotion+Industrial+Area,+Whitefield,+Bengaluru,+Karnataka+560066/data=!4m2!3m1!1s0x3bae118ea5d67247:0x9f3b5295618010c8?utm_source=mstt_1&entry=gps&coh=192189&g_ep=CAESBzI0LjUwLjQYACCenQoqfiw5NDIyNjA0NCw5NDI0MjQ3OCw5NDIyMzI5OSw5NDIxNjQxMyw5NDIxMjQ5Niw5NDIwNzM5NCw5NDIwNzUwNiw5NDIwODUwNiw5NDIxNzUyMyw5NDIxODY1Myw5NDIyODIwNCw5NDIyOTgzOSw0NzA4NDM5Myw5NDIxMzIwMEICSU4%3D"
,itp one coed,Brookfeild ,"brookfield,aecs, kundanhalii,hopefarm, itpl,  Whitefield, ",,WHT,"NEWEST PGPRIME LOCATION, WFH ENABLER, FOOD GOOD,",,,,"""⚡️ Welcome to Gharpayy ITP ONE COED ⚡️ ❤️ We're thrilled you loved our rooms.🚀 Exclusive *PRE BOOKING* Offer Alert:* **FLAT 3K OFF MONTHLY** 

🧡Triple Sharing. - ~Was 13k~, **now only 10k!*
💛Dual Sharing. - ~Originally 16k~, **now just 13k!*
❤️Private rooms - ~Formerly 26k~, **now specially priced at 23k!*

💥 Act Fast: Lock in your reservation NOW and save 2000+ RS every month on a 3-month stay! *Offer expires in 4 hours. *Prebook* now for just 5k!*🔥   enjoy complimentary good food.""","GHARPAYY ITP ONE COED   !
 🚀 Attention: Pre-Booking Required!   enjoy a seamless experience upon arrival! 

🎯DESTINATION [ https://maps.app.goo.gl/qNX3JZyzkti14X9s5 ]

 secure your spot before you regret it! See you soon in Bangalore!🏃‍♂️💨",3 TIMES VEG/NON VEG,,aa premium coliving BLOCK B,https://maps.app.goo.gl/MAssTn1Ydpde5q39A,,,9164515777,,9164515777,,,,,"https://www.google.com/maps/place/AA+premium+coliving+block-B/@12.9775664,77.7305659,1142m/data=!3m2!1e3!4b1!4m6!3m5!1s0x3bae136fc00c5cf3:0x412a21d1eea5db95!8m2!3d12.9775664!4d77.7331408!16s%2Fg%2F11x0r4pg43?entry=tts&g_ep=EgoyMDI1MDUxMy4xIPu8ASoASAFQAw%3D%3D&skid=fceb855b-6d52-43c2-83ef-77e5e16ad9fd"
,thub coed,Brookfeild ,"brookfield,aecs, kundanhalii,hopefarm, itpl,  Whitefield, ",,,"NEWEST PGPRIME LOCATION, WFH ENABLER, FOOD GOOD,",,12/21,,"""⚡️ Welcome to Gharpayy THUB COED ! ⚡️ ❤️ We're thrilled you loved our rooms.🚀 *Exclusive Offer Alert:* **2K OFF MONTHLY** 

💛Dual Sharing. - ~Originally 15k~, **now just 13k!*
❤️Private rooms - ~Formerly 25k~, **now specially priced at 23k!*

💥 Act Fast: Lock in your reservation NOW and save 2000+ RS every month on a 3-month stay! *Offer expires in few hours. *Prebook* now for just 5k!*🔥   enjoy complimentary good food.""","DESTINATION [""""""📍GHARPAYY THUB COED

🚀 Attention: Pre-Booking Required!   enjoy a seamless experience upon arrival! 

🎯DESTINATION [https://maps.app.goo.gl/gWyt5JCjXRZed4WY6 ]

 secure your spot before you regret it! See you soon in Bangalore!🏃‍♂️💨"""""" ]",3 TIMES VEG/NON VEG,,urban coliving,https://maps.app.goo.gl/Q5Be5cZJuLaQ7hpC7,,,9164203777,,9164203777,,,,,
,aecy coed,Brookfeild,"brookfield,aecs, kundanhalii,hopefarm, itpl,  Whitefield, ",,,"NEWEST PGPRIME LOCATION, WFH ENABLER, FOOD GOOD,",,14/25,,"""⚡️ Welcome to Gharpayy AECY COED ! ⚡️ ❤️ We're thrilled you loved our rooms.🚀 *Exclusive Offer Alert:* **2K OFF MONTHLY** 

💛Dual Sharing. - ~Originally 18k~, **now just 16k!*
❤️Private rooms - ~Formerly 29k~, **now specially priced at 27k!*

💥 Act Fast: Lock in your reservation NOW and save 2000+ RS every month on a 3-month stay! *Offer expires in few hours. *Prebook* now for just 5k!*🔥   enjoy complimentary good food.""","GHARPAYY AECY COED - FLATLIKE  !
 🚀 Attention: Pre-Booking Required!   enjoy a seamless experience upon arrival! 

🎯DESTINATION [ https://maps.app.goo.gl/NFxceVNPZWcbq6NL7https://maps.app.goo.gl/YZkCmvHyaurk3pbR8 ]

 secure your spot before you regret it! See you soon in Bangalore!🏃‍♂️💨",3 TIMES VEG/NON VEG,,,,,,,,,,,,,
,dom girls,Domlur,"domlur, indiranagar",,,"NEWEST PGPRIME LOCATION, WFH ENABLER, FOOD GOOD,",,11/20,,"""⚡️ Welcome to Gharpayy DOM GIRLS! ⚡️ ❤️ We're thrilled you loved our rooms.🚀 *Exclusive Offer Alert:* **2K OFF MONTHLY** 

💛Dual Sharing. - ~Originally 14k~, **now just 12k!*
❤️Private rooms - ~Formerly 23k~, **now specially priced at 21k!*

💥 Act Fast: Lock in your reservation NOW and save 2000+ RS every month on a 3-month stay! *Offer expires in few hours. *Prebook* now for just 5k!*🔥   enjoy complimentary good food.""","GHARPAYY DOM GIRLS !
 🚀 Attention: Pre-Booking Required!   enjoy a seamless experience upon arrival! 

🎯DESTINATION [  https://maps.app.goo.gl/ubgUxqMaBY6vFqa66 ]

 secure your spot before you regret it! See you soon in Bangalore!",3 TIMES VEG/NON VEG,,arcade inn,https://maps.app.goo.gl/Sn5JKut7ckk1aAGP6,,,,kishore,,kishore,,,,
,cool coed balc,Brookfeild,"brookfield,aecs, kundanhalii,hopefarm, itpl,  Whitefield, ",,ACS,"NEWEST PGPRIME LOCATION, WFH ENABLER, FOOD GOOD,",,d 15 / s 26,,"""⚡️ Welcome to Gharpayy COOL COED BALC⚡️ ❤️ We're thrilled you loved our rooms.🚀 *Exclusive Offer Alert:* **3K OFF MONTHLY** 

💛Dual Sharing. - ~Originally 19k~, **now just 16k!*
❤️Private rooms - ~Formerly 29k~, **now specially priced at 26k!*

💥 Act Fast: Lock in your reservation NOW and save 2000+ RS every month on a 3-month stay! *Offer expires in 4 hours. *Prebook* now for just 5k!*🔥   enjoy complimentary good food.""","GHARPAYY cool !!!  -COED balcony

🚀 Attention: Pre-Booking Required!   enjoy a seamless experience upon arrival! 

🎯DESTINATION: https://maps.app.goo.gl/qUP1uw7MQ3XaQNiQ6

 secure your spot before you regret it! See you soon in Bangalore!🏃‍♂️💨",3 TIMES VEG/NON VEG,,qix coliving,https://maps.app.goo.gl/KBZxHCfyMfNXhYTU9,,,86887 90159,manager,8555810106‬,Pradeep,,,,"https://www.google.com/maps/place/Qix+coliving/@12.9644831,77.7146484,1142m/data=!3m2!1e3!4b1!4m6!3m5!1s0x3bae13007355c787:0x54ab060fa27e2849!8m2!3d12.9644831!4d77.7172233!16s%2Fg%2F11whmq3r6m?entry=tts&g_ep=EgoyMDI1MDUxMy4xIPu8ASoASAFQAw%3D%3D&skid=aba1d4d6-5e2d-46a5-919b-bb2df0b9a332"
,Klear coed,Marathahalli ,"Whitefield, ITPL and the Outer Ring Road,",,,,,10/12/21,,"""⚡️ Welcome to Gharpayy KLEAR COED! ⚡️ ❤️ We're thrilled you loved our rooms.🚀 Exclusive Offer Alert: *2K OFF MONTHLY* 

🧡Triple Sharing. - ~Was 12k~, *now only 10K!
💛Dual Sharing. - ~Originally 15k~, *now just 13k!
❤️Private rooms - ~Formerly 25k~, *now specially priced at 23K!""","📍 GHARPAYY KLEAR COED 📌

🚀 Attention: Pre-Booking Required!   enjoy a seamless experience upon arrival! 

🎯DESTINATION: https://maps.app.goo.gl/WATeMBV11LFhfcxU6

 secure your spot before you regret it! See you soon in Bangalore!🏃‍♂️💨""""""",3 TIMES VEG/NON VEG,https://drive.google.com/drive/folders/1a-n1R_vT3jrm7hqIhP485wcSKopteDPc,Medha Sri classic,"https://maps.google.com/?q=12.969790,77.706161",Klear x medha sri,,,,,,,,,
,Kmahalli coed ,Marathahalli ,"Whitefield, ITPL and the Outer Ring Road,",,,,,9/12/21,,"""⚡️ Welcome to Gharpayy KMAHALLI COED! ⚡️ ❤️ We're thrilled you loved our rooms.🚀 Exclusive Offer Alert: *2K OFF MONTHLY* 

🧡Triple Sharing. - ~Was 12k~, *now only 10K!
💛Dual Sharing. - ~Originally 15k~, *now just 13k!
❤️Private rooms - ~Formerly 25k~, *now specially priced at 23K!""","📍 GHARPAYY KMHALLI COED 📌

🚀 Attention: Pre-Booking Required!   enjoy a seamless experience upon arrival! 

🎯DESTINATION: https://maps.app.goo.gl/WATeMBV11LFhfcxU6

 secure your spot before you regret it! See you soon in Bangalore!🏃‍♂️💨""""""",3 TIMES VEG/NON VEG,https://drive.google.com/drive/folders/1oQdgFj7CjaOdySRiRfGbdLyqMW9dYsca,Avalon luxe,"https://maps.google.com/?q=12.970427,77.704826",Gharpayy X Avalon luxe,https://youtube.com/shorts/Fl5HJHDEX74,,,,9353999534,,,,
,Pop coed,E City,,,,,,9/15,,"""⚡️ Welcome to Gharpayy POP COED! ⚡️ ❤️ We're thrilled you loved our rooms.🚀 *Exclusive Offer Alert:* **4K OFF MONTHLY** 

💛Dual Sharing. - ~Originally 14k~, **now just 10k!*
❤️Private rooms - ~Formerly 19k~, **now specially priced at 16k!*

💥 Act Fast: Lock in your reservation NOW and save 4000+ RS every month on a 2-month stay! *Offer expires in few hours. *Prebook* now for just 3k!*🔥   enjoy complimentary good food.""","GHARPAYY POP COED
🚀 Attention: Pre-Booking Required! enjoy a seamless experience upon arrival! 

🎯DESTINATION : https://maps.app.goo.gl/pwusitauxJDy9NfXA

Secure your spot before you regret it! See you soon in Bangalore!🏃‍♂️💨
""",3 TIMES VEG/NON VEG,https://drive.google.com/drive/folders/1y1hBkpVKffJwzXuYYs_dBfVCoU7K_GIa,Leo pg,https://maps.app.goo.gl/TUiKjLQkz12V8nCZA?g_st=com.google.maps.preview.copy,Gharpayy X POP COED,,,,,9989285854,,,,
,Quo coed,E City,,,,,,9/15,,"""⚡️ Welcome to Gharpayy QUO COED! ⚡️ ❤️ We're thrilled you loved our rooms.🚀 *Exclusive Offer Alert:* **4K OFF MONTHLY** 

💛Dual Sharing. - ~Originally 14k~, **now just 10k!*
❤️Private rooms - ~Formerly 19k~, **now specially priced at 16k!*

💥 Act Fast: Lock in your reservation NOW and save 4000+ RS every month on a 2-month stay! *Offer expires in few hours. *Prebook* now for just 3k!*🔥   enjoy complimentary good food.""","GHARPAYY QUO COED
🚀 Attention: Pre-Booking Required! enjoy a seamless experience upon arrival! 

🎯DESTINATION : https://maps.app.goo.gl/pwusitauxJDy9NfXA

Secure your spot before you regret it! See you soon in Bangalore!🏃‍♂️💨
""",3 TIMES VEG/NON VEG,https://drive.google.com/drive/folders/1IOPQtCEBk47mf-cE94pYgbo67ZuolIc1,Grand inn,https://maps.app.goo.gl/TUiKjLQkz12V8nCZA?g_st=com.google.maps.preview.copy,Gharpayy X POP COED,,,,,9989285854,,,,
,MIO coed ,Nagawara,"Hebbal , Manyata tech park ",,,,,9/19,,"""⚡️ Welcome to Gharpayy MIO COED! ⚡️ ❤️ We're thrilled you loved our rooms.🚀 *Exclusive Offer Alert:* **2K OFF MONTHLY** 

💛Dual Sharing. - ~Originally 12k~, **now just 10 k!*
❤️Private rooms - ~Formerly 22k~, **now specially priced at 20k!*

💥 Act Fast: Lock in your reservation NOW and save 3000+ RS every month on a 2-month stay! *Offer expires in few hours. *Prebook* now for just 5k!*🔥   enjoy complimentary good food.""","🎯DESTINATION [ ""📍GHARPAYY MIO COED !
 🚀 Attention: Pre-Booking Required!   _enjoy a seamless experience upon arrival!_ 

🎯DESTINATION [  https://maps.app.goo.gl/1be2s7ViM6Z8NYpp8 ]

 _secure your spot before you regret it! See you soon in Bangalore!_🏃‍♂️💨",3 TIMES VEG/NON VEG,https://drive.google.com/drive/folders/1xSQUdK5990WE1jRd_f5xGEZADo47kfKV,Sri sai balaji ,https://g.co/kgs/tunJ95P,Gharpayy X MIO COED,,,,,9742110755,,,,
,MTEK coed ,Nagawara,"Hebbal , Manyata tech park ",,,,,10/19,,"""⚡️ Welcome to Gharpayy MTEK COED! ⚡️ ❤️ We're thrilled you loved our rooms.🚀 *Exclusive Offer Alert:* **2K OFF MONTHLY** 

💛Dual Sharing. - ~Originally 14k~, **now just 11k!*
❤️Private rooms - ~Formerly 24k~, **now specially priced at 20k!*

💥 Act Fast: Lock in your reservation NOW and save 3000+ RS every month on a 2-month stay! *Offer expires in few hours. *Prebook* now for just 5k!","""📍GHARPAYY MTEK COED !
 🚀 Attention: Pre-Booking Required!   _enjoy a seamless experience upon arrival!_ 

🎯DESTINATION [  https://maps.app.goo.gl/1be2s7ViM6Z8NYpp8 ]

 _secure your spot before you regret it! See you soon in Bangalore!_🏃‍♂️💨",3 TIMES VEG/NON VEG,https://drive.google.com/drive/folders/1wP2vrPy9tO1Zbn5y5voTb0jfWbjFzmGV,Surya Royal Homes,"https://maps.google.com/?q=13.036693,77.615807",Gharpayy X Surya Royal,,,,,9620785999,,,,
,MTPLUS COED,Nagawara,"Hebbal , Manyata tech park ",,,,,12/21,,"""⚡️ Welcome to Gharpayy MTPLUS COED! ⚡️ ❤️ We're thrilled you loved our rooms.🚀 *Exclusive Offer Alert:* **2K OFF MONTHLY** 

💛Dual Sharing. - ~Originally 14k~, **now just 13k!*
❤️Private rooms - ~Formerly 24k~, **now specially priced at 22k!*

💥 Act Fast: Lock in your reservation NOW and save 2000+ RS every month on a 2-month stay! *Offer expires in few hours. *Prebook* now for just 5k!*🔥   enjoy complimentary good food.""","""📍GHARPAYY MTPLUS COED !
 🚀 Attention: Pre-Booking Required!   _enjoy a seamless experience upon arrival!_ 

🎯DESTINATION [  https://maps.app.goo.gl/1be2s7ViM6Z8NYpp8 ]

 _secure your spot before you regret it! See you soon in Bangalore!_🏃‍♂️💨",3 TIMES VEG/NON VEG,https://drive.google.com/drive/folders/16aFdDD587HmALWJkf73SGd3xOcVt5sZ7,Surya Royal Homes,"https://maps.google.com/?q=13.036693,77.615807",Gharpayy X Surya Royal,,,,,9620785999,,,,
,Spycc coed ,Spice garden,"Marathahalli , sarjapura road",,,,,12/15,,"""⚡️ Welcome to Gharpayy SPYCC COED! ⚡️ ❤️ We're thrilled you loved our rooms.🚀 *Exclusive Offer Alert:* **4K OFF MONTHLY** 

💛Dual Sharing. - ~Originally 16k~, **now just 13 k!*
❤️Private rooms - ~Formerly 19k~, **now specially priced at 16k!*

💥 Act Fast: Lock in your reservation NOW and save 4000+ RS every month on a 2-month stay! *Offer expires in few hours. *Prebook* now for just 3k!*🔥   enjoy complimentary good food.""","""GHARPAYY SPYC COED

🚀 Attention: Pre-Booking Required!   enjoy a seamless experience upon arrival! 

🎯DESTINATION: https://maps.app.goo.gl/aCRvDa998bzYgLRv8?g_st=com.google.maps.preview.copy

 secure your spot before you regret it! See you soon in Bangalore!🏃‍♂️💨""",3 TIMES VEG/NON VEG,https://drive.google.com/drive/folders/1YZRUYU_3wr36z59fk1rvGpFmQPkKUApq,Sai Venkateshwara,https://maps.app.goo.gl/G4yVEZ6f2bFCacRS7,Gharpayy X Sai Venkateshwara,,,,,7795903004,,,,
,MUNE Coed,Spice garden,"Marathahalli , sarjapura road",,,,,9/12/21,,"""⚡️ Welcome to Gharpayy MUNE COED! ⚡️ ❤️ We're thrilled you loved our rooms.🚀 Exclusive Offer Alert: *2K OFF MONTHLY* 

🧡Triple Sharing. - ~Was 12k~, *now only 10K! - EXTRA 1K OFF
💛Dual Sharing. - ~Originally 15k~, *now just 13k! EXTRA 1K OFF
❤️Private rooms - ~Formerly 25k~, *now specially priced at 23K!"" 

16/19/23 - single sharing 

💥 Act Fast: Lock in your reservation NOW and save 3000+ RS every month on a 2-month stay! *Offer expires in few hours. *Prebook* now for just 3k!*🔥   enjoy complimentary good food.""","GHARPAYY MUNE COED
🚀 Attention: Pre-Booking Required! enjoy a seamless experience upon arrival! 

🎯DESTINATION : https://maps.app.goo.gl/tGcMLBCGipzLS81Z7

Secure your spot before you regret it! See you soon in Bangalore!🏃‍♂️💨
""",3 TIMES VEG/NON VEG,,,,,,,,,,,,,
,Jazz coed ,Koramangala,"Sg palya, dairy circle, bannerghatta ",,,,,15/28,,"""⚡️ Welcome to Gharpayy JAZZ - COED! ⚡️ ❤️ We're thrilled you loved our rooms.🚀 *Exclusive Offer Alert:* **4K OFF MONTHLY** 

🧡Dual Sharing. - ~Was 20k~, **now only 16k!*
💛Private Sharing. - ~Originally 34k~, **now just 29k!*


💥 Act Fast: Lock in your reservation NOW and save 4000+ RS every month on a 3-month stay! *Offer expires in 4 hours. *Prebook* now for just 5k!*🔥   enjoy complimentary good food.""","""📍 Gharpayy JAZZ COED!!!
🚀 Attention: Pre-Booking Required!   _enjoy a seamless experience upon arrival!_ 

🎯DESTINATION https://maps.app.goo.gl/MXaGBkoENA3icm6r7

 _secure your spot before you regret it! See you soon in Bangalore!_🏃‍♂️💨""",3 TIMES VEG ONLY,,Atlas Coliving Pg,https://maps.app.goo.gl/sYsE2csbGjbcZ38F9,,,,,,,,,,
,GG BUBBLO GIRLS,Sg Palya,"Sg palya, taverekere ",,,,,12/20,,"""⚡️ Welcome to Gharpayy BUBBLO GIRLS ! ⚡️ ❤️ We're thrilled you loved our rooms.🚀 *Exclusive Offer Alert:* **4K OFF MONTHLY** 

💛Dual Sharing. - ~Originally 16k~, **now just 13 k!*
❤️Private rooms - ~Formerly 22k~, **now specially priced at 21k!*

💥 Act Fast: Lock in your reservation NOW and save 4000+ RS every month on a 2-month stay! *Offer expires in few hours. *Prebook* now for just 3k!*🔥   enjoy complimentary good food.""","🎯DESTINATION [ ""📍GHARPAYY BUBBLO GIRLS!
 🚀 Attention: Pre-Booking Required!   _enjoy a seamless experience upon arrival!_ 

🎯DESTINATION[ https://maps.app.goo.gl/Rdo9UCsirJ3ZcPRKA?g_st=com.google.maps.preview.copy

 _secure your spot before you regret it! See you soon in Bangalore!_🏃‍♂️💨",,https://drive.google.com/drive/folders/1BUXL7qtwnClp7A6qlcp6-k8qqkZJqcSa, Gyathri pg,https://maps.app.goo.gl/VrSTjxkUfkXSy4bY8?g_st=com.google.maps.preview.copy,,,,,,,,,,
,Silq coed ,BTM,"Madiwala, taverekere, sg palya ",,,,,12/21,,"""⚡️ Welcome to Gharpayy SILQ COED! ⚡️ ❤️ We're thrilled you loved our rooms.🚀 *Exclusive Offer Alert:* **4K OFF MONTHLY** 

🧡Dual Sharing. - ~Was 15 k~, **now only 13k!*
💛Private Sharing. - ~Originally 25k~, **now just 22k!*


💥 Act Fast: Lock in your reservation NOW and save 4000+ RS every month on a 3-month stay! *Offer expires in 4 hours. *Prebook* now for just 5k!*🔥   enjoy complimentary good food.""","""📍GHARPAYY SILQ-  C!

🚀 Attention: Pre-Booking Required!   _enjoy a seamless experience upon arrival!_ 

🎯DESTINATION [https://maps.app.goo.gl/fLtsUSb7aUkWA2pz8  ]

 _secure your spot before you regret it! See you soon in Bangalore!_🏃‍♂️💨""",3 TIMES VEG/NON VEG,,Royal white house coliving,,,,,,,,,,,"https://www.google.com/maps/place/Royal+White+House+CO-Live/@12.9175666,77.6097583,1106m/data=!3m1!1e3!4m7!3m6!1s0x3bae15135e14510d:0x7d7d33e233271ba7!8m2!3d12.9175666!4d77.6145219!15sChVyb3lhbCB3aGl0ZSBob3VzZSBidG2SARFzdHVkZW50X2Rvcm1pdG9yeeABAA!16s%2Fg%2F11tfyxcy89!5m1!1e1?entry=tts&g_ep=EgoyMDI1MTIwMi4wIPu8ASoASAFQAw%3D%3D&skid=cd4afe9a-e3a5-4b0c-8497-01092b9da59d"
,Snowy Luxe,Whitfield,"Brookfield, AECS Layout, Kundalahalli, Hope Farm, ",,WHT,,,12/21,,"""⚡️ Welcome to Gharpayy Snowy Luxe COED! ⚡️ ❤️ We're thrilled you loved our rooms.🚀 *Exclusive Offer Alert:* **4K OFF MONTHLY** 

🧡Dual Sharing. - ~Was 15 k~, **now only 13k!*
💛Private Sharing. - ~Originally 25k~, **now just 23k!*


💥 Act Fast: Lock in your reservation NOW and save 4000+ RS every month on a 3-month stay! *Offer expires in 4 hours. *Prebook* now for just 5k!*🔥   enjoy complimentary good food.""","""""""📍GHARPAYY SNOWY LUXE

🚀 Attention: Pre-Booking Required!   _enjoy a seamless experience upon arrival!_ 

🎯DESTINATION [https://maps.app.goo.gl/gWyt5JCjXRZed4WY6 ]

 _secure your spot before you regret it! See you soon in Bangalore!_🏃‍♂️💨""""""",3 TIMES VEG/NON VEG,https://drive.google.com/drive/folders/1qkcH4PdBnDhwPkhCYo1EVu4MZzbVShSc,Pro 4 Posh,https://maps.app.goo.gl/7BME4Cr3rfgJWyH56?g_st=com.google.maps.preview.copy,,,,,,,,,,
,ASTOR COED,"WHITEFIELD/
 KADUGODI/ITPL",,,,balcony,10,"12/22

4/5 maintanence


Deposit last - 10&15 possible",,"""⚡️ Welcome to Gharpayy ASTOR COED! ⚡️ ❤️ We're thrilled you loved our rooms.🚀 *Exclusive Offer Alert:* **2K OFF MONTHLY** 

💛Dual Sharing. - ~Originally 16k~, **now just 14k!*
❤️Private rooms - ~Formerly 26k~, **now specially priced at 24k!*

💥 Act Fast: Lock in your reservation NOW and save 3000+ RS every month on a 2-month stay! *Offer expires in few hours. *Prebook* now for just 5k!","

""""""📍GHARPAYY ASTOR COED!
 🚀 Attention: Pre-Booking Required!   _enjoy a seamless experience upon arrival!_ 

🎯DESTINATION [https://maps.app.goo.gl/N5Ry9TEyMeFHptTJ7]

 _secure your spot before you regret it! See you soon in Bangalore!_🏃‍♂️💨
""""""",3 times VEG & NON VEG,,MADHURA CO-LIVING PG,https://maps.app.goo.gl/H9FPbRCuN9nfBgLV9,,,‪+91 98800 77036‬,,,,,,,"https://www.google.com/maps/place/MADHURA+CO-LIVING+PG/@12.9824394,77.7472641,17z/data=!3m1!4b1!4m6!3m5!1s0x3bae0f002a316275:0xe2f443ba4f351be6!8m2!3d12.9824394!4d77.749839!16s%2Fg%2F11x2yxypqb?entry=tts&g_ep=EgoyMDI1MDcxNS4xIPu8ASoASAFQAw%3D%3D&skid=1801de24-7aac-4d1b-81a2-af30bf99518b"
,Solaria Coed,Marathahalli,"Whitefield, ITPL and the Outer Ring Road,",,,,,9/12/21,,"""⚡️ Welcome to Gharpayy SOLARIA COED! ⚡️ ❤️ We're thrilled you loved our rooms.🚀 Exclusive Offer Alert: *2K OFF MONTHLY* 

🧡Triple Sharing. - ~Was 12k~, *now only 10K!
💛Dual Sharing. - ~Originally 15k~, *now just 13k!
❤️Private rooms - ~Formerly 25k~, *now specially priced at 23K!""

💥 Act Fast: Lock in your reservation NOW and save 2000+ RS every month on a 3-month stay! *Offer expires in few hours. *Prebook* now for just 5k!*🔥   enjoy complimentary good food.""","📍 GHARPAYY SOLARIA COED 📌

🚀 Attention: Pre-Booking Required!   enjoy a seamless experience upon arrival! 

🎯DESTINATION: https://maps.app.goo.gl/WATeMBV11LFhfcxU6

 secure your spot before you regret it! See you soon in Bangalore!🏃‍♂️💨""""""",3 TIMES VEG/NON VEG,https://drive.google.com/drive/folders/1a-n1R_vT3jrm7hqIhP485wcSKopteDPc,medha sri classic,"https://maps.google.com/?q=12.969790,77.706161",Gg Klear X Medha Sri classic ,,,,Rajmohan Reddy ,‪+91 96067 98347‬,,,,"https://www.google.com/maps/place/AVOLON+LUXE+COLIVING/@12.9700387,77.7051323,240m/data=!3m1!1e3!4m12!1m5!3m4!2zMTLCsDU4JzExLjIiTiA3N8KwNDInMjIuMiJF!8m2!3d12.96979!4d77.706161!3m5!1s0x3bae134106d4187d:0xa2f8a7c5add71fb2!8m2!3d12.9704285!4d77.7050774!16s%2Fg%2F11wy30l043!5m1!1e1?entry=ttu&g_ep=EgoyMDI1MTIwMi4wIKXMDSoASAFQAw%3D%3D"
,Gg Nuovo BOYS,Hsr silk board ,"Hsr, silk board ",,,,,7/11/20,,"⚡️ Welcome to Gharpayy GG NUOVO BOYS! ⚡️ ❤️ We're thrilled you loved our rooms.🚀 Exclusive Offer Alert: *2K OFF MONTHLY* 

🧡Triple Sharing. - ~Was 10 k~, *now only 8 k!
💛Dual Sharing. - ~Originally 14 k~, *now just 12 k!
❤️Private rooms - ~Formerly 23 k~, *now specially priced at 21 k!

💥 Act Fast: Lock in your reservation NOW and save 2000+ RS every month on a 3-month stay! *Offer expires in few hours. *Prebook* now for just 5k!*🔥   enjoy complimentary good food.""","📍 GHARPAYY GG NUOVO BOYS 📌

🚀 Attention: Pre-Booking Required!   enjoy a seamless experience upon arrival! 

🎯DESTINATION:https://maps.app.goo.gl/jugq8GWawc5cSyVn9?g_st=com.google.maps.preview.copy

 secure your spot before you regret it! See you soon in Bangalore!🏃‍♂️💨",3 TIMES VEG/NON VEG,https://drive.google.com/drive/folders/15L6HoO4vARoT7SLXbXsE2Fo9soz5G_Kv,Gayathri pg,"https://maps.google.com/?q=12.918095,77.624481",Gharpayy X Gayathri,,90322 66177,Srinivas ,,,,,,
,Gg Vistra,Sarjapur ,,,,,,8/10/19,,"⚡️ Welcome to Gharpayy VISTRA COED! ⚡️ ❤️ We're thrilled you loved our rooms.🚀 Exclusive Offer Alert: *2K OFF MONTHLY* 

🧡Triple Sharing. - ~Was 10 k~, *now only 8k!
💛Dual Sharing. - ~Originally 13 k~, *now just 11k!
❤️Private rooms - ~Formerly 23 k~, *now specially priced at 20 k!

💥 Act Fast: Lock in your reservation NOW and save 2000+ RS every month on a 3-month stay! *Offer expires in few hours. *Prebook* now for just 5k!*🔥   enjoy complimentary good food.""","📍 GHARPAYY GG VISTRA 📌

🚀 Attention: Pre-Booking Required!   enjoy a seamless experience upon arrival! 

🎯DESTINATION:https://maps.app.goo.gl/djX9fNARd9kk5X3u5?g_st=com.google.maps.preview.copy

 secure your spot before you regret it! See you soon in Bangalore!🏃‍♂️💨",3 TIMES VEG/NON VEG,https://drive.google.com/drive/folders/13HGAZF2_vGfdCqILZoezqCH-ImOzt2Wc,At homes,https://maps.app.goo.gl/KZfwBub1G9qyxY1u9?g_st=aw,,,,,,,,,,
,Gg Vistra,Marathahalli ,,,,,,10/12/19,,"⚡️ Welcome to Gharpayy VISTRA COED! ⚡️ ❤️ We're thrilled you loved our rooms.🚀 Exclusive Offer Alert: *2K OFF MONTHLY* 

🧡Triple Sharing. - ~Was 13 k~, *now only 11k!
💛Dual Sharing. - ~Originally 15 k~, *now just 13 k!
❤️Private rooms - ~Formerly 23 k~, *now specially priced at 20 k!

💥 Act Fast: Lock in your reservation NOW and save 2000+ RS every month on a 3-month stay! *Offer expires in few hours. *Prebook* now for just 5k!*🔥   enjoy complimentary good food.""","📍 GHARPAYY GG VISTRA 📌

🚀 Attention: Pre-Booking Required!   enjoy a seamless experience upon arrival! 

🎯DESTINATION:https://maps.app.goo.gl/q974a6WWhLeur8Tn9?g_st=com.google.maps.preview.copy

 secure your spot before you regret it! See you soon in Bangalore!🏃‍♂️💨",3 TIMES VEG/NON VEG,https://drive.google.com/drive/folders/13HGAZF2_vGfdCqILZoezqCH-ImOzt2Wc,At homes,https://maps.app.goo.gl/AqrgT74UaT63Gjz9A?g_st=aw,,,,,,90528 18503,,,,
,Gg Velvet ,Mg road ,"MG ROAD
VASANTH NAGAR",,,,,8/12/22,,"⚡️ Welcome to Gharpayy VELVET GIRLS! ⚡️ ❤️ We're thrilled you loved our rooms.🚀 Exclusive Offer Alert: *2K OFF MONTHLY* 

🧡Triple Sharing. - ~Was 12 k~, *now only 10k!
💛Dual Sharing. - ~Originally 16 k~, *now just 14k!
❤️Private rooms - ~Formerly 26 k~, *now specially priced at 24k!

💥 Act Fast: Lock in your reservation NOW and save 2000+ RS every month on a 3-month stay! *Offer expires in few hours. *Prebook* now for just 5k!*🔥   ","📍 GHARPAYY GG VELVET GIRLS📌

🚀 Attention: Pre-Booking Required!   enjoy a seamless experience upon arrival! 

🎯DESTINATION:https://maps.app.goo.gl/ad1JHPLHtfBxF2Q78?g_st=com.google.maps.preview.copy

 secure your spot before you regret it! See you soon in Bangalore!🏃‍♂️💨",*NO FOOD*,,Hive Living ,https://maps.app.goo.gl/Rr7XZyQNMyArwHaH8,Gharpayy Hive Living,https://youtube.com/shorts/MA8D2AcBXgw,,,,80883 03270,,,,"https://www.google.com/maps/place/Hive+Living,+57%2F1,+St+Johns+Rd,+Rukmani+Colony,+Sivanchetti+Gardens,+Bengaluru,+Karnataka+560042/data=!4m2!3m1!1s0x3bae17494295b763:0x2515d974eac63289?utm_source=mstt_1&entry=gps&coh=192189&g_ep=CAESCjExLjE0OS4xMDEYACCIJyp1LDk0MjQyNTM1LDk0MjIzMjk5LDk0MjE2NDEzLDk0MjEyNDk2LDk0MjA3Mzk0LDk0MjA3NTA2LDk0MjA4NTA2LDk0MjE3NTIzLDk0MjE4NjUzLDk0MjI5ODM5LDQ3MDg3MTE4LDQ3MDg0MzkzLDk0MjEzMjAwQgJJTg%3D%3D"
,ZELITE COED,BELLANDUR,"ECOWORLD, BELLANDUR, ETV",,,  ,,17/31,,"⚡️ Welcome to Gharpayy ZELITE COED! ⚡️ ❤️ We're thrilled you loved our rooms.🚀 Exclusive Offer Alert: *2K OFF MONTHLY* 


💛Dual Sharing. - ~Originally 21 k~, *now just 19 k!
❤️Private rooms - ~Formerly 35 k~, *now specially priced at  33k!

💥 Act Fast: Lock in your reservation NOW and save 2000+ RS every month on a 3-month stay! *Offer expires in few hours. *Prebook* now for just 5k!*🔥   enjoy complimentary good food.""","📍GHARPAYY ZELITE  COED!
 🚀 Attention: Pre-Booking Required!   enjoy a seamless experience upon arrival! 

🎯DESTINATION [ https://maps.app.goo.gl/eKvChsGkhj81mWV76 ]

 secure your spot before you regret it! See you soon in Bangalore!🏃‍♂️💨""",3 TIMES VEG/NON VEG,,JYOTIS HOMESTAY STUDIO ROOMS,https://maps.app.goo.gl/1VX2AFSxTsawgR4P6,Jyothis x gharpayy zelite,https://youtube.com/shorts/o9Pm9ZpFmFY,7829501828,Suresh,somu,86880 66287,,,,"https://www.google.com/maps/place/Jyothis+Homestay+studio+rooms+and+coliving+space/@12.9410677,77.6990167,1142m/data=!3m2!1e3!4b1!4m6!3m5!1s0x3bae1327f5c2371f:0x3ed55b60b0717f23!8m2!3d12.9410677!4d77.7015916!16s%2Fg%2F11mcwb12y9?entry=tts&g_ep=EgoyMDI1MDUxMy4xIPu8ASoASAFQAw%3D%3D&skid=acc3c2b6-ff2b-4b96-8b5d-07c4f7b19470"
,PHANTOM COED,BELLANDUR,"ECOWORLD, BELLANDUR, ETV",,,"NEW PG / PRIME LOCATION, PRIVATE  TV, FOOD GOOD,",,14/23,,"⚡️ Welcome to Gharpayy PHANTOM COED! ⚡️ ❤️ We're thrilled you loved our rooms.🚀 Exclusive Offer Alert: *2K OFF MONTHLY* 


💛Dual Sharing. - ~Originally 17 k~, *now just 15 k!
❤️Private rooms - ~Formerly 27 k~, *now specially priced at 25 k!

💥 Act Fast: Lock in your reservation NOW and save 2000+ RS every month on a 3-month stay! *Offer expires in few hours. *Prebook* now for just 5k!*🔥   enjoy complimentary good food.""","📍GHARPAYY PHANTOM COED

🚀 Attention: Pre-Booking Required!   _enjoy a seamless experience upon arrival!_ 

🎯DESTINATION [https://maps.app.goo.gl/dNUpaeppQgt3U2jDA]

 _secure your spot before you regret it! See you soon in Bangalore!_🏃‍♂️💨G""",3 TIMES VEG/NON VEG,,EDEN PREMIUM COLIVING,https://maps.app.goo.gl/UZui9pGQxqmyFd9u8,na,https://youtube.com/shorts/4dNEu7pUEgs,9133743622,manager,,,,,,"https://www.google.com/maps/place/Eden+Premium+Studio+Rooms/@12.9376456,77.7022997,1106m/data=!3m2!1e3!4b1!4m6!3m5!1s0x3bae1300594688dd:0x85130fa08958c9ca!8m2!3d12.9376456!4d77.7022997!16s%2Fg%2F11m6_9qv3x!5m1!1e1?entry=ttu&g_ep=EgoyMDI1MTIwMi4wIKXMDSoASAFQAw%3D%3D"
,ZEEST COED,MAHADEVPURA,MAHADEVPURA,,MDV,,,12/23,,"""⚡️ Welcome to Gharpayy ZEEST COED! ⚡️ ❤️ We're thrilled you loved our rooms.🚀 Exclusive Offer Alert: *2K OFF MONTHLY* 


💛Dual Sharing. - ~Originally 16 k~, *now just 14 k!
❤️Private rooms - ~Formerly 26 k~, *now specially priced at 24 k!

💥 Act Fast: Lock in your reservation NOW and save 2000+ RS every month on a 3-month stay! *Offer expires in few hours. *Prebook* now for just 5k!*🔥   enjoy complimentary good food.""""""","""📍GHARPAYY ZEEST  COED!
 🚀 Attention: Pre-Booking Required!   enjoy a seamless experience upon arrival! 

🎯DESTINATION [https://maps.app.goo.gl/xpp8Ekvknp7NxdUAA]

 secure your spot before you regret it! See you soon in Bangalore!🏃‍♂️💨""",3 TIMES VEG/NON VEG,,WIX COLIVING MAHADEVPURA,https://maps.app.goo.gl/W7uMaQjEffNUPGAJ8,WIX x ZEST GHARPAYY,https://youtube.com/shorts/jFJRypHVCj4,89858 78106,KRANTI,,,,,,"https://www.google.com/maps/place/wix+coliving+-+Mahadevapura/@12.983777,77.7086447,20z/data=!4m6!3m5!1s0x3bae112f0e402f0d:0x21cf5c43f836870e!8m2!3d12.9838351!4d77.7095225!16s%2Fg%2F11xgrqnwgn?entry=tts&g_ep=EgoyMDI1MDYxMS4wIPu8ASoASAFQAw%3D%3D&skid=e211d127-27e5-427f-aa51-13ab4e54d12e"
,WISTA  GIRLS C,"MANYATA 
NAGWARA","Nagawara
MANYATA
MTP
HEBBAL CIRCL",,,"NEW 
PROPERTY",80,10-11 / 18-19,,"""⚡️ Welcome to Gharpayy WISTA  GIRLS C! ⚡️ ❤️ We're thrilled you loved our rooms.🚀 *Exclusive Offer Alert:* **2K OFF MONTHLY** 

💛Dual Sharing. - ~Originally 14k~, **now just 12k!*
❤️Private rooms - ~Formerly 23k~, **now specially priced at 21k!*

💥 Act Fast: Lock in your reservation NOW and save 3000+ RS every month on a 2-month stay! *Offer expires in few hours. *Prebook* now for just 5k!","""📍GHARPAYY WISTA GIRLS C !
 🚀 Attention: Pre-Booking Required!   _enjoy a seamless experience upon arrival!_ 

🎯DESTINATION [https://maps.app.goo.gl/hMYCpCqMosvzbnrQ9]

 _secure your spot before you regret it! See you soon in Bangalore!_🏃‍♂️💨
""",3 times VEG & NON VEG,,Surya Royal Homes Girls Blossom,https://maps.app.goo.gl/xLEuU2TVUqZrC7Dk6,Gharpayy X Surya Royal,https://youtube.com/shorts/j4NdXeZVWVg,90088 01504,PRASAD,,,,,,"https://www.google.com/maps/place/Country+Inn+%26+Suites+by+Radisson%E2%80%A6+%E0%B2%95%E0%B2%82%E0%B2%9F%E0%B3%8D%E0%B2%B0%E0%B2%BF+%E0%B2%87%E0%B2%A8%E0%B3%8D+%26+%E0%B2%B8%E0%B3%82%E0%B2%9F%E0%B3%8D%E0%B2%B8%E0%B3%8D+%E0%B2%AC%E0%B3%88+%E0%B2%B0%E0%B2%A6%E0%B2%BF%E0%B2%B8%E0%B3%8D%E0%B2%B8%E0%B3%8B%E0%B2%A8%E0%B3%8D%E2%80%A6/@13.0416275,77.6130091,249m/data=!3m1!1e3!4m11!1m5!3m4!2zMTPCsDAyJzMwLjAiTiA3N8KwMzYnNDYuMyJF!8m2!3d13.041672!4d77.612868!3m4!1s0x3bae176cc9676785:0xf0c9195b21e99d42!8m2!3d13.0419464!4d77.613084!5m1!1e1?entry=ttu&g_ep=EgoyMDI1MTIwMi4wIKXMDSoASAFQAw%3D%3D"
,CIA COED,"MANYATA 
NAGWARA","Nagawara
MANYATA
MTP
HEBBAL CIRCL",,,"NEW 
PROPERTY",50,9/17k,,"""⚡️ Welcome to Gharpayy CIA COED! ⚡️ ❤️ We're thrilled you loved our rooms.🚀 *Exclusive Offer Alert:* **2K OFF MONTHLY** 

💛Dual Sharing. - ~Originally 13k~, **now just 11k!*
❤️Private rooms - ~Formerly 21k~, **now specially priced at 19k!*

💥 Act Fast: Lock in your reservation NOW and save 3000+ RS every month on a 2-month stay! *Offer expires in few hours. *Prebook* now for just 5k!","""📍GHARPAYY CIA COED!
 🚀 Attention: Pre-Booking Required!   _enjoy a seamless experience upon arrival!_ 

🎯DESTINATION [https://maps.app.goo.gl/wVcQBggkCpdj2cMB7]

 _secure your spot before you regret it! See you soon in Bangalore!_🏃‍♂️💨
""",3 times VEG & NON VEG,,"GOPU HOME STAYS G7 
 MICASA COLIVING",https://maps.app.goo.gl/t15Dp2keYX5s1xfw6,Gopu x gharpayy MG,https://youtube.com/shorts/zHpny20GLN0,96526 56712,"INDRASENA 
REDDY","MADAN REDDY
99166 69290",,,,,"https://www.google.com/maps/place/Micasa+PG/@13.0370163,77.6132274,1141m/data=!3m2!1e3!4b1!4m6!3m5!1s0x3bae17007376223b:0x21cb67dd26d02664!8m2!3d13.0370163!4d77.6158023!16s%2Fg%2F11wx9mtz32?entry=tts&g_ep=EgoyMDI1MDYyOS4wIPu8ASoASAFQAw%3D%3D&skid=c3c9109a-0bd5-455e-9898-cb4a47dbf56a"
,KNIGHT COED,AECS/BROOKFIELD,"AECS
/BROOKFIELD",,,,,12/22,,"""⚡️ Welcome to Gharpayy KNIGHT COED! ⚡️ ❤️ We're thrilled you loved our rooms.🚀 Exclusive Offer Alert: *2K OFF MONTHLY* 


💛Dual Sharing. - ~Originally 17k~, *now just 15k!
❤️Private rooms - ~Formerly 27 k~, *now specially priced at 25 k!

💥 Act Fast: Lock in your reservation NOW and save 2000+ RS every month on a 3-month stay! *Offer expires in few hours. *Prebook* now for just 5k!*🔥   enjoy complimentary good food.""""""","""📍GHARPAYY KNIGHT COED !
 🚀 Attention: Pre-Booking Required!   _enjoy a seamless experience upon arrival!_ 

🎯DESTINATION [https://maps.app.goo.gl/U4PqHyNZ5VHtZr4f7]

 _secure your spot before you regret it! See you soon in Bangalore!_🏃‍♂️💨""",3 times VEG & NON VEG,-,HIVE COLIVING ITPL MAIN ROAD,https://maps.app.goo.gl/67BLnAV5ZBGwJ5Kw9,,https://youtube.com/shorts/94qpu_wJqco,94416 43651,SUDHIR,,,,,,"https://www.google.com/maps/place/Hive+coliving/@12.958512,77.7156136,21z/data=!4m6!3m5!1s0x3bae13b0ca64f351:0xe1a8dc332c1079d1!8m2!3d12.9586524!4d77.7157721!16s%2Fg%2F11y41pzt21!5m1!1e1?entry=tts&g_ep=EgoyMDI1MDYxNy4wIPu8ASoASAFQAw%3D%3D&skid=76dbb3f3-95e5-4f0d-88df-267de052d179"
,TREO COED,BELLANDUR/ETV,,,,,,10/19,,"""⚡️ Welcome to Gharpayy TREO COED! ⚡️ ❤️ We're thrilled you loved our rooms.🚀 Exclusive Offer Alert: *2K OFF MONTHLY* 


💛Dual Sharing. - ~Originally 14 k~, *now just 12 k!
❤️Private rooms - ~Formerly 23 k~, *now specially priced at 21 k!

💥 Act Fast: Lock in your reservation NOW and save 2000+ RS every month on a 3-month stay! *Offer expires in few hours. *Prebook* now for just 5k!*🔥   enjoy complimentary good food.""""""","""📍GHARPAYY TREO COED !
 🚀 Attention: Pre-Booking Required!   _enjoy a seamless experience upon arrival!_ 

🎯DESTINATION [https://maps.app.goo.gl/98XHhQYXgfkbj1Hd9]

 _secure your spot before you regret it! See you soon in Bangalore!_🏃‍♂️💨""",3 times VEG & NON VEG,-,SRI SRINIVASA COMFORT CO-LIVING PG,https://maps.app.goo.gl/nkMNbWx7AmokpKrX8,,,,,"8639188095
mohan",,,,,"https://www.google.com/maps/place/SRI+SRINIVASA+COMFORT+CO-LIVING+PG/@12.9254919,77.6961952,20z/data=!4m6!3m5!1s0x3bae13952b9b431f:0xcf5225c263b53fe2!8m2!3d12.9254923!4d77.6967357!16s%2Fg%2F11krg9j_wf?entry=tts&g_ep=EgoyMDI1MDYyMy4yIPu8ASoASAFQAw%3D%3D&skid=51f8f498-da1b-472d-9d2a-173e07de4950"
,ZEQ COED,"Mahadevapura,  Marathahalli",,,,,,13/22.5,,"""⚡️ Welcome to Gharpayy  ZEQ COED! ⚡️ ❤️ We're thrilled you loved our rooms.🚀 *Exclusive Offer Alert:* *2K OFF MONTHLY* 

💛Dual Sharing. - ~~Originally 16k~~, **now just 14k!*
❤️Private rooms - ~~Formerly 27k~~, **now specially priced at 25k!*

💥 Act Fast: Lock in your reservation NOW and save 2000+ RS every month on a 2-month stay! *Offer expires in few hours. *Prebook* now for just 5k!*🔥   enjoy complimentary good food.""

> GYM N GAMES , SMART LED ,  VENTILATED ROOMS","📍GHARPAYY _ZEQ COED_!
 🚀 Attention: Pre-Booking Required!   _enjoy a seamless experience upon arrival!_ 

🎯DESTINATION [ https://maps.app.goo.gl/43gSocHDWsPgoVBq6 ]

 _secure your spot before you regret it! See you soon in Bangalore!_🏃‍♂️💨",3 times VEG & NON VEG,,Bonzer coliving,https://maps.app.goo.gl/3vBsgytqpv8VNAkMA,Bonzer x gharpayy ZEQ COED,,831 037 6409,,,,,,,"https://www.google.com/maps/place/Bonzer+Co-Live/@12.9829475,77.7046076,19z/data=!3m1!4b1!4m6!3m5!1s0x3bae11c3c6520281:0xbf3b5d691964b9e9!8m2!3d12.9829475!4d77.7052513!16s%2Fg%2F11yfd4h3v6?entry=tts&g_ep=EgoyMDI1MDYzMC4wIPu8ASoASAFQAw%3D%3D&skid=830fa412-a9c9-4778-95d3-a0fa2033a8dd"
,NEX COED,Koramangala,,,ELECTRICTY BILL EXTRA (NOTE),,,13/16/26,,"⚡️ Welcome to Gharpayy  NEX COED ! ⚡️ ❤️ We're thrilled you loved our rooms.🚀 *Exclusive Offer Alert:* **2K OFF MONTHLY** 

🧡Triple Sharing. - ~Was 15k~, **now only 13k!*
💛Dual Sharing. - ~Originally 19k~, **now just 17k!*
❤️Private rooms - ~Formerly 29k~, **now specially priced at 27k!*

💥 Act Fast: Lock in your reservation NOW and save 2000+ RS every month on a 3-month stay! *Offer expires in few hours. *Prebook* now for just 5k!*🔥   enjoy complimentary","GHARPAYY NEX COED

🚀 Attention: Pre-Booking Required! enjoy a seamless experience upon arrival! 

🎯DESTINATION : https://maps.app.goo.gl/FYuooqoSNE6uyZVQ7

Secure your spot before you regret it! See you soon in Bangalore!🏃‍♂️💨",3 times VEG & NON VEG,,,,,,,,,,,,,"https://www.google.com/maps/place/idexcel/@12.9337453,77.6101712,151m/data=!3m1!1e3!4m14!1m7!3m6!1s0x3bae144d859731bb:0x7be523c4ee2a1b09!2sNexus+Mall+Koramangala!8m2!3d12.934692!4d77.6111212!16zL20vMGZ4dGM1!3m5!1s0x3bae144d8c213f4d:0x45f5f8b7b2cb966d!8m2!3d12.9336858!4d77.6105961!16s%2Fg%2F1ttyv58s!5m1!1e1?entry=ttu&g_ep=EgoyMDI1MTIwMi4wIKXMDSoASAFQAw%3D%3D"
,LUNA GIRLS,Jayanagar/Jp Nagar,,,,,,"15/19/30


MAINTANENCE 5K",,"⚡️ Welcome to Gharpayy  LUNA GIRLS ! ⚡️ ❤️ We're thrilled you loved our rooms.🚀 *Exclusive Offer Alert:* **2K OFF MONTHLY** 

🧡Triple Sharing. - ~Was 18k~, **now only 16k!*
💛Dual Sharing. - ~Originally 21k~, **now just 19k!*
❤️Private rooms - ~Formerly 33k~, **now specially priced at 31k!*

💥 Act Fast: Lock in your reservation NOW and save 2000+ RS every month on a 3-month stay! *Offer expires in few hours. *Prebook* now for just 5k!*🔥   enjoy complimentary","""GHARPAYY LUNA GIRLS

🚀 Attention: Pre-Booking Required! enjoy a seamless experience upon arrival! 

🎯DESTINATION : [https://maps.app.goo.gl/x7frvw1knt4JgM4y9]

Secure your spot before you regret it! See you soon in Bangalore!🏃‍♂️💨""",3 times VEG & NON VEG,,Sakshi Living Ladies PG JAYANAGAR | Womens PG | Girls Hostel,https://maps.app.goo.gl/np754fCUBa76r5nSA,,,"‪+91 74166 87752
",VINOD,‬‪+91 74119 11136‬,VISHNU REDDY,,,,"https://www.google.com/maps/place/Sakshi+Living+Ladies+PG+JAYANAGAR+%7C+Womens+PG+%7C+Girls+Hostel/@12.9393319,77.5814449,21z/data=!4m6!3m5!1s0x3bae1533ac60be1d:0xd32055631975678c!8m2!3d12.9392911!4d77.581241!16s%2Fg%2F11sd_vz9hv?entry=tts&g_ep=EgoyMDI1MDcwNy4wIPu8ASoASAFQAw%3D%3D&skid=3923b15f-982a-45f9-95b4-bfbdd29376a5"
,STM COED,Silk Board/Btm,,,,,,15,,"""⚡️ Welcome to Gharpayy STM COED! ⚡️ ❤️ We're thrilled you loved our rooms.🚀 Exclusive Offer Alert: *2K OFF MONTHLY* 

💛Dual Sharing. - ~Originally 15 k~, *now just 13 k!
❤️Private rooms - ~Formerly 25 k~, *now specially priced at 23 k!

💥 Act Fast: Lock in your reservation NOW and save 2000+ RS every month on a 3-month stay! *Offer expires in few hours. *Prebook* now for just 5k!*🔥   enjoy complimentary good food.""","GHARPAYY STM COED!
 🚀 Attention: Pre-Booking Required!   _enjoy a seamless experience upon arrival!_ 

🎯DESTINATION [https://maps.app.goo.gl/fMvhD5Sd3ayi4F47A]

 _secure your spot before you regret it! See you soon in Bangalore!_🏃‍♂️💨""",3 times VEG & NON VEG,,SLC ROYAL CO-LIVE,https://maps.app.goo.gl/tvRRvZHE7ifTVpFw9,Slc coliving × Gharpayy  STM COED,, 81870 10212,,,,,,,"https://www.google.com/maps/place/SLC+ROYAL+CO-LIVE/@12.9220241,77.6137643,1142m/data=!3m2!1e3!4b1!4m6!3m5!1s0x3bae150000aa9991:0x1d99ed5dcdf7f7b0!8m2!3d12.9220241!4d77.6137643!16s%2Fg%2F11ycjwgyx7!5m1!1e1?entry=tts&g_ep=EgoyMDI1MDcwOC4wIPu8ASoASAFQAw%3D%3D&skid=dabc031b-f141-4a2b-afe4-adc38af2c7f8"
,FLEX COED,Electronic city PHASE 2,"Shanthipura/
 electronic city",,,,,15/9/8,,"⚡️ Welcome to Gharpayy  FLEX COED ! ⚡️ ❤️ We're thrilled you loved our rooms.🚀 *Exclusive Offer Alert:* **2K OFF MONTHLY** 

🧡Triple Sharing. - ~Was 11k~, **now only 9k!*
💛Dual Sharing. - ~Originally 13k~, **now just 11k!*
❤️Private rooms - ~Formerly 19k~, **now specially priced at 17k!*

💥 Act Fast: Lock in your reservation NOW and save 2000+ RS every month on a 3-month stay! *Offer expires in few hours. *Prebook* now for just 5k!*🔥   enjoy complimentary","GHARPAYY FLEX COED!
 🚀 Attention: Pre-Booking Required!   _enjoy a seamless experience upon arrival!_ 

🎯DESTINATION [https://maps.app.goo.gl/oQYZPJRAYMoQwhp29]

 _secure your spot before you regret it! See you soon in Bangalore!_🏃‍♂️💨""",3 times VEG & NON VEG,,Live in space,https://maps.app.goo.gl/hARduWzzenLaqcmL7,P2 liv in x gharpayy ecity phase 2,,,,"‪+91 95157 75563‬

Indrasena",,,,,"https://www.google.com/maps/place/Live+in+space/@12.850686,77.6815487,147m/data=!3m1!1e3!4m6!3m5!1s0x3bae6da883cdd021:0x9fbb9506d4889352!8m2!3d12.8508068!4d77.6814867!16s%2Fg%2F11vx4z1x0s!5m1!1e1?entry=tts&g_ep=EgoyMDI1MDcwOC4wIPu8ASoASAFQAw%3D%3D&skid=78c3c4c2-105a-466f-becf-7f8643e25249"
,S GIRLY RK,Koramangala,"SG PALYA + all Koramangala /
NEXUS/ tavrekere",,,,,12/25,,"""⚡️ Welcome to Gharpayy S GIRLY ! ⚡️ ❤️ We're thrilled you loved our rooms.🚀 Exclusive Offer Alert: *2K OFF MONTHLY* 

💛Dual Sharing. - ~Originally 16 k~, *now just 14 k!
❤️Private rooms - ~Formerly 29 k~, *now specially priced at 27 k!

💥 Act Fast: Lock in your reservation NOW and save 2000+ RS every month on a 3-month stay! *Offer expires in few hours. *Prebook* now for just 5k!*🔥   enjoy complimentary good food.""","GHARPAYY S GIRLY !
 🚀 Attention: Pre-Booking Required!   _enjoy a seamless experience upon arrival!_ 

🎯DESTINATION [https://maps.app.goo.gl/y6Rf5dBpvY6TBak3A]

 _secure your spot before you regret it! See you soon in Bangalore!_🏃‍♂️💨",3 times VEG ,,SRI PMR PG FOR LADIES,"https://www.google.com/maps/place/Sri+Krishna+Krupa+Ladies+PG/@12.93239,77.6062057,1106m/data=!3m3!1e3!4b1!5s0x3bae1452c6fb8d21:0x8ffc0292c4beffeb!4m6!3m5!1s0x3bae15aac47c24d9:0x532015d196fb8f48!8m2!3d12.9323848!4d77.6087806!16s%2Fg%2F11j7yxsvrt!5m1!1e1?entry=ttu&g_ep=EgoyMDI1MTIwMi4wIKXMDSoASAFQAw%3D%3D",GG AFFORDABLE SG,,,,81055 80674,,,,,"https://www.google.com/maps/place/Sri+Krishna+Krupa+Ladies+PG/@12.93239,77.6062057,1106m/data=!3m3!1e3!4b1!5s0x3bae1452c6fb8d21:0x8ffc0292c4beffeb!4m6!3m5!1s0x3bae15aac47c24d9:0x532015d196fb8f48!8m2!3d12.9323848!4d77.6087806!16s%2Fg%2F11j7yxsvrt!5m1!1e1?entry=ttu&g_ep=EgoyMDI1MTIwMi4wIKXMDSoASAFQAw%3D%3D"
,GRAND GIRLY,Koramangala,"SG PALYA + all Koramangala /
NEXUS/ tavrekere","KORA , ALL/YPR , ABHAYY",,,,23/13/10,,"""⚡️ Welcome to Gharpayy GRAND GIRLY ! ⚡️ ❤️ We're thrilled you loved our rooms.🚀 Exclusive Offer Alert: *2K OFF MONTHLY* 

💛Dual Sharing. - ~Originally 16 k~, *now just 14 k!
❤️Triple Sharing - ~Formerly 14 k~, *now specially priced at 12 k!
❤️Private rooms - ~Formerly 27 k~, *now specially priced at 25 k!

💥 Act Fast: Lock in your reservation NOW and save 2000+ RS every month on a 3-month stay! *Offer expires in few hours. *Prebook* now for just 5k!*🔥   enjoy complimentary good food.""","GHARPAYY GRAND GIRLY !
 🚀 Attention: Pre-Booking Required!   _enjoy a seamless experience upon arrival!_ 

🎯DESTINATION []

 _secure your spot before you regret it! See you soon in Bangalore!_🏃‍♂️💨""",,,,,,,,,,,,,,
,ZEXUS BOYS,Koramangala,"SG PALYA + all Koramangala /
NEXUS/ tavrekere","KORA , ALL/YPR , ABHAYY","ELECTRICTY BILL EXTRA (NOTE)

AC IS 2K EXTRA",,,14(NON AC)/ 16(AC)/ 25,,"""⚡️ Welcome to Gharpayy ZEXUS BOYS! ⚡️ ❤️ We're thrilled you loved our rooms.🚀 Exclusive Offer Alert: *2K OFF MONTHLY* 

💛Dual Sharing. - ~Originally 18 k~, *now just 16 k!
❤️Private rooms - ~Formerly  29k~, *now specially priced at 27k!

💥 Act Fast: Lock in your reservation NOW and save 2000+ RS every month on a 3-month stay! *Offer expires in few hours. *Prebook* now for just 5k!*🔥   enjoy complimentary good food.""","""📍 Gharpayy ZEXUS BOYS!!!
🚀 Attention: Pre-Booking Required!   _enjoy a seamless experience upon arrival!_ 

🎯DESTINATION https://maps.app.goo.gl/MXaGBkoENA3icm6r7

 _secure your spot before you regret it! See you soon in Bangalore!_🏃‍♂️💨""",3 times ,,,,,https://youtube.com/shorts/UPfU1YUo2VU,,,,,,,,"google.com/maps/place/Your+space+Boys+Hostel+-+Hosur+Road,+Bangalore/@12.9386778,77.6063177,1106m/data=!3m1!1e3!4m7!3m6!1s0x3bae15b994f03035:0x27b6a87df0ad17eb!8m2!3d12.9352903!4d77.6092287!15sCiF5b3Vyc3BhY2UgS29yYW1hbmdhbGEgTmV4dXMgTW9kZWwiA4gBAVojIiF5b3Vyc3BhY2Uga29yYW1hbmdhbGEgbmV4dXMgbW9kZWySARFzdHVkZW50X2Rvcm1pdG9yeZoBJENoZERTVWhOTUc5blMwVkpRMEZuU1VOUGIzRllVM0pSUlJBQuABAPoBBAgsECQ!16s%2Fg%2F11qn2qhx9f!5m1!1e1?entry=tts&g_ep=EgoyMDI1MTIwMi4wIPu8ASoASAFQAw%3D%3D&skid=8bec85c8-cedf-439b-87c9-59e6821eeda3"
,MAGNUS COED,"MANYATA 
NAGWARA","Nagawara
MANYATA
MTP
HEBBAL
 CIRCL",MTP,,"NEW 
PROPERTY",100,9/12/15,,"""⚡️ Welcome to Gharpayy MAGNUS COED! ⚡️ ❤️ We're thrilled you loved our rooms.🚀 *Exclusive Offer Alert:* **2K OFF MONTHLY** 

💛Triple Sharing. - ~Originally 13k~, **now just 11k!*
💛Dual Sharing. - ~Originally 15k~, **now just 13k!*
❤️Private rooms - ~Formerly 20k~, **now specially priced at 17k!*

💥 Act Fast: Lock in your reservation NOW and save 3000+ RS every month on a 2-month stay! *Offer expires in few hours. *Prebook* now for just 5k!","""📍GHARPAYY MAGNUS COED!
 🚀 Attention: Pre-Booking Required!   _enjoy a seamless experience upon arrival!_ 

🎯DESTINATION [https://maps.app.goo.gl/wVcQBggkCpdj2cMB7]

 _secure your spot before you regret it! See you soon in Bangalore!_🏃‍♂️💨
""",3 times VEG & NON VEG,,SURYA COLIVING PG,https://maps.app.goo.gl/pu6n5bDUdXev3DvD6,Surya colive X Gharpayy Magnus,,,," 79974 77685

RANGA REDDY",,,,,"https://www.google.com/maps/place/Surya+Co-living+PG/@13.0376374,77.4639953,12z/data=!4m7!3m6!1s0x3bae17e1a7e766c7:0xe25fa2cc3da40124!8m2!3d13.0376374!4d77.6164306!15sChFTVVJZQSBDT0xJVklORyBQRloTIhFzdXJ5YSBjb2xpdmluZyBwZpIBEXN0dWRlbnRfZG9ybWl0b3J5mgFEQ2k5RFFVbFJRVU52WkVOb2RIbGpSamx2VDJzMVYyVlZlSFJrVlZKVVUxWkdlV1ZYTkRGYWJUVnJWRE53TTJReFJSQUKqAVEKDS9nLzExeWZicTlnNTMQASoGIgJwZigAMh8QASIb9ruDnMTpDYyu3HZxrUPsT74ZrG7pwgZaIPQgMhUQAiIRc3VyeWEgY29saXZpbmcgcGbgAQD6AQQIABAd!16s%2Fg%2F11yfbq9g53?entry=tts&g_ep=EgoyMDI1MDcxMy4wIPu8ASoASAFQAw%3D%3D&skid=0cd06a80-5a95-4aa6-a1b9-3f3ea730e9c6"
,CIA COED B,"MANYATA/
 THANISANDRA
BHARTIYA CITY",,MTP,"DEPOSIT IS 10k(LAST)

ONLY BREAKFAST & DINNER ON WEEKDAYS",,20,11/ 20,,"""⚡️ Welcome to Gharpayy CIA COED B! ⚡️ ❤️ We're thrilled you loved our rooms.🚀 *Exclusive Offer Alert:* **2K OFF MONTHLY** 

💛Dual Sharing. - ~Originally 15k~, **now just 13k!*
❤️Private rooms - ~Formerly 24k~, **now specially priced at 22k!*

💥 Act Fast: Lock in your reservation NOW and save 3000+ RS every month on a 2-month stay! *Offer expires in few hours. *Prebook* now for just 5k!","""📍GHARPAYY CIA COED B!
 🚀 Attention: Pre-Booking Required!   _enjoy a seamless experience upon arrival!_ 

🎯DESTINATION [https://maps.app.goo.gl/rgAoSF42L1NFdeGp7]

 _secure your spot before you regret it! See you soon in Bangalore!_🏃‍♂️💨
""",3 times VEG & NON VEG,,GOPU HOMESTAYS G4,https://maps.app.goo.gl/rgAoSF42L1NFdeGp7,Gopu x gharpayy MG,https://youtube.com/shorts/zHpny20GLN0,70225 68295,Rajendra,"MADAN REDDY
99166 69290",,,,,"https://www.google.com/maps/place/Jupiter+Works+Media/@13.0612149,77.6290331,71m/data=!3m1!1e3!4m6!3m5!1s0x3bae1981829df42f:0xe336cbee76e4ee7f!8m2!3d13.0612508!4d77.6291778!16s%2Fg%2F11vk_7fn88?entry=tts&g_ep=EgoyMDI1MDcxMy4wIPu8ASoASAFQAw%3D%3D&skid=982c8f32-af17-4be0-8867-9356ee13f5d6"
,WINK BOYS,koramangla,"adugodi,tavrekere + all Koramangala ","KORA , ALL/YPR , ABHAYY",,,30,D 9.5 / S 17,,"⚡️ Welcome to Gharpayy WINK BOYS! ⚡️ ❤️ We're thrilled you loved our rooms.🚀 *Exclusive Offer Alert:* **3K OFF MONTHLY** 


💛Dual Sharing. - ~Originally 14k~, **now just 12k!*
❤️Private rooms - ~Formerly 21k~, **now specially priced at 19k!*

💥 Act Fast: Lock in your reservation NOW and save 3000+ RS every month on a 3-month stay! *Offer expires in 4 hours. *Prebook* now for just 5k!*🔥   enjoy complimentary good food.","📍GHARPAYY WINK BOYS

🚀 Attention: Pre-Booking Required!   _enjoy a seamless experience upon arrival!_ 

🎯DESTINATION [https://maps.app.goo.gl/mzDvnmaU4jSv9uws6 ]

 _secure your spot before you regret it! See you soon in Bangalore!_🏃‍♂️💨G",4 times veg only,,Purple BOYS PG,https://maps.app.goo.gl/4Kji1yMuSsCVvsbr8,na,https://youtube.com/shorts/WpT0lV5oUZQ,,,,9514130240,,,,"google.com/maps/place/Purple+luxury+pg+for+ladies/@12.9425067,77.606731,478m/data=!3m1!1e3!4m11!1m5!3m4!2zMTLCsDU2JzMyLjUiTiA3N8KwMzYnMjQuMSJF!8m2!3d12.9423611!4d77.6066944!3m4!1s0x3bae15007e3d5f79:0x4f2a9144049c8845!8m2!3d12.9419533!4d77.6065998!5m1!1e1?entry=ttu&g_ep=EgoyMDI1MTIwMi4wIKXMDSoASAFQAw%3D%3D"
,ETV ZILLION COED,bellandur,"ecoworld,  etc bellandur,  flipkart ","MWB , HARSH , MADHAV",,"NEWEST PGPRIME LOCATION, WFH ENABLER, FOOD GOOD,",,14/23,,"""⚡️ Welcome to Gharpayy ZILLION COED! ⚡️ ❤️ We're thrilled you loved our rooms.🚀 Exclusive *MAHA SHIVRATRI* Offer Alert:* **3K OFF MONTHLY** 

💛Dual Sharing. - ~Originally 18k~, **now just 15k!*
❤️Private rooms - ~Formerly 28k~, **now specially priced at 25k!*

💥 Act Fast: Lock in your reservation NOW and save 2000+ RS every month on a 3-month stay! *Offer expires in few hours. *Prebook* now for just 5k!*🔥   enjoy complimentary good food.""","GHARPAYY ETV ZILLION COEDquired !   enjoy a seamless experience upon arrival! 

🎯DESTINATION [https://maps.app.goo.gl/vqxjy8YQzH9H9DAZA]

 secure your spot before you regret it! See you soon in Bangalore!🏃‍♂️",3 TIMES VEG/NON VEG,,FAB INN BY echo coliving,https://maps.app.goo.gl/LAmo6oCu1S94hneC9,,https://youtube.com/shorts/Tm-yV63hmYY, 79966 79991‬,,,9739997392,,,,"https://www.google.com/maps/place/Fab+Inn+Premium+PG/@12.928007,77.6951662,152m/data=!3m1!1e3!4m6!3m5!1s0x3bae13bfd1f01f3b:0x737aa24041628d50!8m2!3d12.9279884!4d77.6951954!16s%2Fg%2F11xlc9kv_t?entry=tts&g_ep=EgoyMDI1MDcxNi4wIPu8ASoASAFQAw%3D%3D&skid=cfce85d7-4326-4b77-9fe2-9ac16412d483"
,AIRA BOYS,koramangla,NEXUS tavrekere + all Koramangala ,"KORA , ALL/YPR , ABHAYY",,,10,D 13 / S 24,,"⚡️ Welcome to Gharpayy AIRA BOYS! ⚡️ ❤️ We're thrilled you loved our rooms.🚀 *Exclusive Offer Alert:* **2K OFF MONTHLY** 


💛Dual Sharing. - ~Originally 17k~, **now just 15k!*
❤️Private rooms - ~Formerly 26k~, **now specially priced at 24k!*

💥 Act Fast: Lock in your reservation NOW and save 3000+ RS every month on a 3-month stay! *Offer expires in 4 hours. *Prebook* now for just 5k!*🔥   enjoy complimentary good food.","📍GHARPAYY AIRA BOYS

🚀 Attention: Pre-Booking Required!   _enjoy a seamless experience upon arrival!_ 

🎯DESTINATION [https://maps.app.goo.gl/FYuooqoSNE6uyZVQ7]

 _secure your spot before you regret it! See you soon in Bangalore!_🏃‍♂️💨G",3 TIMES,,"AIRAVATI PG

YOUR SHELL",https://maps.app.goo.gl/CBfJ6vxXFRh3vXzP6,na,https://youtube.com/shorts/nC2UcEGNJq8,97317 50056,,,,,,,"https://www.google.com/maps/place/Airavathi+PG+for+ladies/@12.933268,77.6111783,19.41z/data=!4m6!3m5!1s0x3bae1595dd0a7497:0x82969e7fb45d3200!8m2!3d12.9331185!4d77.610892!16s%2Fg%2F11s542l0gc?entry=tts&g_ep=EgoyMDI1MDcyMS4wIPu8ASoASAFQAw%3D%3D&skid=fab9fd82-7ac5-4e60-9c78-39d147009459"
,EZY COED,INDIRANAGAR,,,"

ONLY BREAKFAST & DINNER 
ON WEEKDAYS",,,16/26,,"⚡️ Welcome to Gharpayy  EZY COED! ⚡️ ❤️ We're thrilled you loved our rooms.🚀 *Exclusive Offer Alert:* *2K OFF MONTHLY* 

💛Dual Sharing. - ~~Originally 19k~~, **now just 17k!*
❤️Private rooms - ~~Formerly 30k~~, **now specially priced at 28k!*

💥 Act Fast: Lock in your reservation NOW and save 2000+ RS every month on a 3-month stay! *Offer expires in few hours. Prebook* *now for just 5k!* 🔥   enjoy complimentary good food.""

> FOOD TWICE A DAY, THRICE ON WEEKENDS [ VEG N NONVEG TOO ]","📍GHARPAYY EZY COED!
 🚀 Attention: Pre-Booking Required!   _enjoy a seamless experience upon arrival!_ 

🎯DESTINATION  [https://maps.app.goo.gl/kUUsfmbzeVn9teqr9]

 _secure your spot before you regret it! See you soon in Bangalore!_🏃‍♂️💨",2 times,,SRS SERENTY,https://maps.app.goo.gl/24RhL3XYdkShNbaq8,,https://youtube.com/shorts/YTytLxwMBKQ,63626 60662,,,,,,,"https://www.google.com/maps/place/SRS+SERENITY/@12.9608364,77.6595259,154m/data=!3m1!1e3!4m6!3m5!1s0x3bae13edcf83f451:0x952a7cb3dcb3a537!8m2!3d12.9608713!4d77.6595385!16s%2Fg%2F11js9y_1cs?entry=tts&g_ep=EgoyMDI1MDcyMy4wIPu8ASoASAFQAw%3D%3D&skid=f513bc72-791b-4fff-99e0-efa617aad59f"
,ZONEGL,BELLANDUR,,"MWB , HARSH , MADHAV",,,,14/23,,"""⚡ Welcome to Gharpayy ZONEGL - COED! ⚡ ❤ We're thrilled you loved our rooms.🚀 Exclusive Offer Alert: *2K OFF MONTHLY* 


💛Dual Sharing. - ~Originally 17k~, *now just 15k!
❤Private rooms - ~Formerly 27k~, *now specially priced at 25k!

💥 Act Fast: Lock in your reservation NOW and save 2000+ RS every month on a 3-month stay! Offer expires in 4 hours. *Prebook now for just 5k!*🔥   enjoy complimentary good food.""","""📍GHARPAYY ZONEGL COED!
 🚀 Attention: Pre-Booking Required!   enjoy a seamless experience upon arrival! 

🎯DESTINATION [https://maps.app.goo.gl/RZXBiSM9t3UZPkdr6]

 secure your spot before you regret it! See you soon in Bangalore!🏃‍♂💨""",3 TIMES V/NV,,LIVE LOOP,https://maps.app.goo.gl/R2ohonyXW2Abmv9h8,LIVE LOOP X GHARPAYY ZONEGL,https://youtube.com/shorts/DkpnfqIWZlU,,,,,,,,"https://www.google.com/maps/place/AA+live+loop+premium+coliving+pg/@12.9266763,77.67183,207m/data=!3m1!1e3!4m12!1m5!3m4!2zMTLCsDU1JzM2LjIiTiA3N8KwNDAnMTguNCJF!8m2!3d12.9267222!4d77.6717778!3m5!1s0x3bae13002cdcfa2b:0x6a636ce7653a2ad0!8m2!3d12.9265969!4d77.6718453!16s%2Fg%2F11xyjgz21t!5m1!1e1?entry=ttu&g_ep=EgoyMDI1MTIwMi4wIKXMDSoASAFQAw%3D%3D"
,ZION luXE COED,MARATHALLI,,"MWB , HARSH , MADHAV",,,,13/25,,"""⚡ Welcome to Gharpayy Zion luXE COED! ⚡ ❤ We're thrilled you loved our rooms.🚀 Exclusive Offer Alert: *2K OFF MONTHLY* 

💛Twin Sharing - ~Originally 17k~, *now just 15k!
💛Twin Suite - ~Originally 18k~, *now just 16k!
❤Private rooms - ~Formerly 29k~, *now specially priced at 27k!

💥 Act Fast: Lock in your reservation NOW and save 3000+ RS every month on a 2-month stay! Offer expires in few hours. *Prebook now for just 5k!""","📍GHARPAYY ZION luXE COED!
 🚀 Attention: Pre-Booking Required!   enjoy a seamless experience upon arrival! 

🎯DESTINATION [https://maps.app.goo.gl/mPC5E6YCxirNenTX7?g_st=ipc]

 secure your spot before you regret it! See you soon in Bangalore!🏃‍♂💨",3 TIMES V/Nv,,ORION COLIVING,https://maps.app.goo.gl/X9FTMTJSxecwgWsG6,ORION LIVING X GHARPAYY [ ZION COED],https://youtube.com/shorts/s--Eylo59kk,79934 29799,SUDHEER,,,,,,"https://www.google.com/maps/place/Orion+Coliving/@12.9488394,77.7133806,1106m/data=!3m2!1e3!4b1!4m6!3m5!1s0x3bae1379d2691279:0x4eb913df7ebbf1d0!8m2!3d12.9488342!4d77.7159555!16s%2Fg%2F11ykkhs2bb!5m1!1e1?entry=ttu&g_ep=EgoyMDI1MTIwMi4wIKXMDSoASAFQAw%3D%3D"
,BIGBROOK,Brookfield ,,"MWB , HARSH , MADHAV",,,,15/28,,"⚡ Welcome to Gharpayy BIGBROOK COED! ⚡ ❤ We're thrilled you loved our rooms.🚀 Exclusive Offer Alert: 2K OFF MONTHLY 

💛Dual Sharing. - ~Originally 19k~, *now just 17k!
❤Private rooms - ~Formerly 32k~, *now specially priced at 30k!

💥 Act Fast: Lock in your reservation NOW and save 3000+ RS every month on a 2-month stay! Offer expires in few hours. *Prebook now for just 5k!","📍GHARPAYY BIGBROOK COED!
 🚀 Attention: Pre-Booking Required!   enjoy a seamless experience upon arrival! 

🎯DESTINATION [https://maps.app.goo.gl/jwwpC33sSdafy9gZ8]

 secure your spot before you regret it! See you soon in Bangalore!🏃‍♂💨",3 TIMES V/NV,,APEX COLIVING,https://maps.app.goo.gl/1JSY7tnYhzS6TxtU9,,https://youtube.com/shorts/-aFp4U8SdUo,,,,,,,,"https://www.google.com/maps/place/Apex+coliving/@12.9637129,77.7125549,147m/data=!3m1!1e3!4m12!1m5!3m4!2zMTLCsDU3JzQ5LjAiTiA3N8KwNDInNDcuMCJF!8m2!3d12.9636111!4d77.7130556!3m5!1s0x3bae13000dafb231:0xe204d5f81f33016!8m2!3d12.963352!4d77.7130495!16s%2Fg%2F11xvbf2_xv!5m1!1e1?entry=ttu&g_ep=EgoyMDI1MTIwMi4wIKXMDSoASAFQAw%3D%3D"
,MYSTIC COED,MARATHALLI/ AECS,,"MWB , HARSH",,,,12/ 22,,"⚡ Welcome to Gharpayy BIGBROOK COED! ⚡ ❤ We're thrilled you loved our rooms.🚀 Exclusive Offer Alert: 2K OFF MONTHLY 

💛Dual Sharing. - ~Originally 19k~, *now just 17k!
❤Private rooms - ~Formerly 32k~, *now specially priced at 30k!

💥 Act Fast: Lock in your reservation NOW and save 3000+ RS every month on a 2-month stay! Offer expires in few hours. *Prebook now for just 5k!","📍GHARPAYY MYSTIC COED!
 🚀 Attention: Pre-Booking Required!   enjoy a seamless experience upon arrival! 

🎯DESTINATION [https://maps.app.goo.gl/EydKS2YoehU6uhfm7

 secure your spot before you regret it! See you soon in Bangalore!🏃‍♂💨""",3 TIMES V/NV,,FLUX COLIVING,https://maps.app.goo.gl/EydKS2YoehU6uhfm7,ORION LIVING X GHARPAYY,,85009 31018,SRINU,,,,,,"https://www.google.com/maps/place/%2311+Anudev+Residency/@12.9541421,77.7180881,176m/data=!3m1!1e3!4m12!1m5!3m4!2zMTLCsDU3JzE0LjgiTiA3N8KwNDMnMDQuOSJF!8m2!3d12.9541111!4d77.7180278!3m5!1s0x3bae130c9a02e177:0x690065de40711e3f!8m2!3d12.9539879!4d77.7179577!16s%2Fg%2F11shs3sfkf!5m1!1e1?entry=ttu&g_ep=EgoyMDI1MTIwMi4wIKXMDSoASAFQAw%3D%3D"
,MIVON COED,"MAHADEVPURA
CV RAMAN",,"MWB , MADHAV",,,,15/16/27,,"""""""⚡ Welcome to Gharpayy MIVON COED! ⚡ ❤ We're thrilled you loved our rooms.🚀 Exclusive Offer Alert: *2K OFF MONTHLY* 

💛Twin Sharing - ~Originally 18k~, *now just 16k!
💛Twin Suite - ~Originally 19k~, *now just 17k!
❤Private rooms - ~Formerly 30k~, *now specially priced at 28k!

💥 Act Fast: Lock in your reservation NOW and save 3000+ RS every month on a 2-month stay! Offer expires in few hours. *Prebook now for just 5k!""""""","📍GHARPAYY MIVON COED

🚀 Attention: Pre-Booking Required! enjoy a seamless experience upon arrival! 

🎯DESTINATION : https://maps.app.goo.gl/W2CQRWvwmk3ag1sF7

Secure your spot before you regret it! See you soon in Bangalore!🏃‍♂️💨
",3 TIMES V/NV,,URBAN COLIVING,https://maps.app.goo.gl/A2gTtGAhC4GfLByK9,URBAN COLIVING X GHARPAYY,https://youtube.com/shorts/EVhzeZug9oo,7729858699,MAHESH,,,,,,"https://www.google.com/maps/place/Urban+Premium+Co+-+Living+-+Mahadevapura/@12.9876321,77.6979173,1102m/data=!3m1!1e3!4m6!3m5!1s0x3bae115314ae80a3:0xf3a5fdc37407a8f1!8m2!3d12.9909958!4d77.6883604!16s%2Fg%2F11xvxvv1fq?entry=tts&g_ep=EgoyMDI1MDkwNy4wIPu8ASoASAFQAw%3D%3D&skid=26565663-6199-4076-9fb1-c805ce742784"
,PRIVE COED,"MAHADEVPURA
CV RAMAN",,"MWB , HARSH , MADHAV",,,,12/ 22,,"⚡ Welcome to Gharpayy PRIVE COED! ⚡ ❤ We're thrilled you loved our rooms.🚀 Exclusive Offer Alert: *2K OFF MONTHLY* 

💛Twin Sharing - ~Originally 17k~, *now just 15k!
❤️Private rooms - ~Formerly 27k~, *now specially priced at 25k!

💥 Act Fast: Lock in your reservation NOW and save 3000+ RS every month on a 2-month stay! Offer expires in few hours. *Prebook now for just 5k!","📍GHARPAYY PRIVE COED

🚀 Attention: Pre-Booking Required! enjoy a seamless experience upon arrival! 

🎯DESTINATION : https://maps.app.goo.gl/V63nDgazKy62DBW98

Secure your spot before you regret it! See you soon in Bangalore!🏃‍♂️💨",3 TIMES V/NV,,Primestay,https://maps.app.goo.gl/8tywjuxAm62CEUrk9,PRIMESTAY COLIVING X GHARPAYY,https://youtube.com/shorts/llGRNK9S8kw,,,,,"1 - 13/23-24
2 - 13/23-24
3 - 14/24
4 - 13/23-24
5 - 13/23-24
6 - 13/23-24
7 - 12/22.5-23
8 - 11.5/22
9 - 11.5/22
10 - 12/23",,,"https://www.google.com/maps/place/Prime+stay+fortune+co+live/@12.9877089,77.6979381,1106m/data=!3m2!1e3!4b1!4m6!3m5!1s0x3bae11a097f2863b:0xf2d5dd1b38cebfbe!8m2!3d12.9877089!4d77.6979381!16s%2Fg%2F11xycxsqpl!5m1!1e1?entry=ttu&g_ep=EgoyMDI1MTIwMi4wIKXMDSoASAFQAw%3D%3D"
,ZEAL COED,bgm madadevpura,"bagmane, mahadevapura,  cv raman","MWB , HARSH , MADHAV",,"extremely budget friendly, mini gym & games. definitely coliving ",20,D 11/ S21,,"⚡️ Welcome to Gharpayy ZEAL - COED ! ⚡️ ❤️ We're thrilled you loved our rooms.🚀 *Exclusive Offer Alert:* **3K OFF MONTHLY** 


💛Dual Sharing. - ~Originally 15k~, **now just 12k!*
❤️Private rooms - ~Formerly 25k~, **now specially priced at 22k!*

💥 Act Fast: Lock in your reservation NOW and save 2000+ RS every month on a 3-month stay! *Offer expires in 4 hours. *Prebook* now for just 3k!*🔥   enjoy complimentary good food.","📍GHARPAYY ZEAL COED

🚀 Attention: Pre-Booking Required!   _enjoy a seamless experience upon arrival!_ 

🎯DESTINATION : https://maps.app.goo.gl/gvTbqnKKAzXNHt969 
 _secure your spot before you regret it! See you soon in Bangalore!_🏃‍♂️💨",3 Time veg & non veg,,blis comfort,https://maps.app.goo.gl/9Qiz9B2S7VzVkagd8,bliss group,https://youtube.com/shorts/FOlv4Q46TgI,7829930666,,7829930666,,,,,"https://www.google.com/maps/place/Bliss+comfort+Coliving+PG/@12.971358,77.698021,1106m/data=!3m2!1e3!4b1!4m6!3m5!1s0x3bae133b3ec12bab:0x228f9b8da8cc443e!8m2!3d12.9713528!4d77.7005959!16s%2Fg%2F11wbfg1pg5!5m1!1e1?entry=ttu&g_ep=EgoyMDI1MTIwMi4wIKXMDSoASAFQAw%3D%3D"
,LIVIO COED FLATLIKE," BELLANDUR/ 
KADUBEESANAHALLI ",,"MWB , HARSH , MADHAV",,,,"12/21
12/22
13/23",,"""⚡️ Welcome to Gharpayy LIVIO COED FLATLIKE ! ⚡️ ❤️ We're thrilled you loved our rooms.🚀 *Exclusive Offer Alert:* **2K OFF MONTHLY** 

❤️Room with Balcony & Common Washroom - *~25k~ Now 23k*
💛Room with Attached Washroom - *~26k~ Now 24k*
💛Room with Attached Washroom & Balcony - *~28k~ Now 26k*

💥 Act Fast: Lock in your reservation NOW and save 2000+ RS every month on a 3-month stay! *Offer expires in 4 hours. *Prebook* now for just 5k!*🔥   enjoy complimentary good food.""","""📍GHARPAYY LIVIO COED FLATLIKE

🚀 Attention: Pre-Booking Required!   _enjoy a seamless experience upon arrival!_ 

🎯DESTINATION : https://maps.app.goo.gl/9HTMBZrMNRB47MFN9 

 _secure your spot before you regret it! See you soon in Bangalore!_🏃‍♂️💨""",3 Time veg & non veg,,IRA COLIVING,https://maps.app.goo.gl/jaqdRWjiy61txVL39,,https://youtube.com/shorts/MOvPOFk7ZZY,,,,,,,,"https://www.google.com/maps/place/IRA+Premium+Co-Living/@12.9362885,77.6937833,1106m/data=!3m2!1e3!4b1!4m6!3m5!1s0x3bae130031580423:0x2e38c67ae97764f6!8m2!3d12.9362833!4d77.6986542!16s%2Fg%2F11xrylfyzy!5m1!1e1?entry=ttu&g_ep=EgoyMDI1MTIwMi4wIKXMDSoASAFQAw%3D%3D"
,MEO GIRLS,WHITEFIELD ,,"MWB , HARSH , MADHAV",,,,11/20,,"⚡️ Welcome to Gharpayy MEO GIRLS ! ⚡️ ❤️ We're thrilled you loved our rooms.🚀 *Exclusive Offer Alert:* **2K OFF MONTHLY** 


💛Dual Sharing. - ~Originally 15k~, **now just 13k!*
❤️Private rooms - ~Formerly 25k~, **now specially priced at 22k!*

💥 Act Fast: Lock in your reservation NOW and save 2000+ RS every month on a 3-month stay! *Offer expires in 4 hours. *Prebook* now for just 3k!*🔥   enjoy complimentary good food.","""""""📍GHARPAYY MEO GIRLS

🚀 Attention: Pre-Booking Required!   _enjoy a seamless experience upon arrival!_ 

🎯DESTINATION :https://maps.app.goo.gl/3YSms8gN7CLXF9dQA 

 _secure your spot before you regret it! See you soon in Bangalore!_🏃‍♂️💨""""""",3 Time veg & non veg,,URBAN GIRLS,https://maps.app.goo.gl/RiBicdNwC5uzsojF8,,https://youtube.com/shorts/RtqvQzE-FBw,,,,,,,,"https://www.google.com/maps/place/Urban+Premium+Ladies+Pg/@12.9685054,77.7305652,1106m/data=!3m2!1e3!4b1!4m6!3m5!1s0x3bae1382fbb988e1:0x3a27bee939166f5c!8m2!3d12.9685002!4d77.7331401!16s%2Fg%2F11yl65szds!5m1!1e1?entry=ttu&g_ep=EgoyMDI1MTIwMi4wIKXMDSoASAFQAw%3D%3D"
,MEXA COED,WHITEFIELD ,,"MWB , ZONE N PERSON, HARSH , MADHAV",,,,11/20,,"⚡️ Welcome to Gharpayy MEXA COED ! ⚡️ ❤️ We're thrilled you loved our rooms.🚀 *Exclusive Offer Alert:* **2K OFF MONTHLY** 


💛Dual Sharing. - ~Originally 15k~, **now just 13k!*
❤️Private rooms - ~Formerly 25k~, **now specially priced at 23k!*

💥 Act Fast: Lock in your reservation NOW and save 2000+ RS every month on a 3-month stay! *Offer expires in 4 hours. *Prebook* now for just 3k!*🔥   enjoy complimentary good food.","""""""""""""""📍GHARPAYY MEXA COED

🚀 Attention: Pre-Booking Required!   _enjoy a seamless experience upon arrival!_ 

🎯DESTINATION :https://maps.app.goo.gl/3YSms8gN7CLXF9dQA

 _secure your spot before you regret it! See you soon in Bangalore!_🏃‍♂️💨""""""""""""""",3 Time veg & non veg,,URBAN COLIVING,https://maps.app.goo.gl/RiBicdNwC5uzsojF8,,https://youtube.com/shorts/yV22ofHVGCo,,,,,,,,"https://www.google.com/maps/place/Urban+Premium+Ladies+Pg/@12.9685054,77.7305652,1106m/data=!3m2!1e3!4b1!4m6!3m5!1s0x3bae1382fbb988e1:0x3a27bee939166f5c!8m2!3d12.9685002!4d77.7331401!16s%2Fg%2F11yl65szds!5m1!1e1?entry=ttu&g_ep=EgoyMDI1MTIwMi4wIKXMDSoASAFQAw%3D%3D"
,KNOX COED," BELLANDUR/ 
KADUBEESANAHALLI ",,"MWB , HARSH , MADHAV",,"extremely budget friendly, mini gym & games. definitely coliving ",,11/21,,"""⚡️ Welcome to Gharpayy KNOX COED ! ⚡️ ❤️ We're thrilled you loved our rooms.🚀 *Exclusive Offer Alert:* **2K OFF MONTHLY** 


💛Dual Sharing. - ~Originally 15k~, **now just 13k!*
❤️Private rooms - ~Formerly 25k~, **now specially priced at 23k!*

💥 Act Fast: Lock in your reservation NOW and save 2000+ RS every month on a 3-month stay! *Offer expires in 4 hours. *Prebook* now for just 3k!*🔥   enjoy complimentary good food.""","📍GHARPAYY KNOX COED

🚀 Attention: Pre-Booking Required!   _enjoy a seamless experience upon arrival!_ 

🎯DESTINATION :https://maps.app.goo.gl/ww8nvhNJuaQK2QaX9

 _secure your spot before you regret it! See you soon in Bangalore!_🏃‍♂️💨",3 Time veg & non veg,,IVA COLIVING,https://maps.app.goo.gl/adWbc5Z28ixXXGyr7,IVA COLIVING x gharpayy,,7337777916,,,,,,,"https://www.google.com/maps/place/NS+Coliving+PG/@12.932167,77.6970387,147m/data=!3m1!1e3!4m12!1m5!3m4!2zMTLCsDU1JzU2LjEiTiA3N8KwNDEnNDkuNSJF!8m2!3d12.932244!4d77.697076!3m5!1s0x3bae136fda07b5b9:0xe133f1aa0248f6b2!8m2!3d12.932116!4d77.6969274!16s%2Fg%2F11vdhnbd62!5m1!1e1?entry=ttu&g_ep=EgoyMDI1MTIwMi4wIKXMDSoASAFQAw%3D%3D"
,MYNT COED,BELLANDUR,,"MWB , HARSH , MADHAV",,,,"11
21",,"""""""⚡️ Welcome to Gharpayy MYNT COED ! ⚡️ ❤️ We're thrilled you loved our rooms.🚀 *Exclusive Offer Alert:* **2K OFF MONTHLY** 


💛Dual Sharing. - ~Originally 15k~, **now just 13k!*
❤️Private rooms - ~Formerly 26k~, **now specially priced at 24k!*

💥 Act Fast: Lock in your reservation NOW and save 2000+ RS every month on a 3-month stay! *Offer expires in 4 hours. *Prebook* now for just 3k!*🔥   enjoy complimentary good food.""""""","""📍GHARPAYY MYNT COED!
 🚀 Attention: Pre-Booking Required!   enjoy a seamless experience upon arrival! 

🎯DESTINATION [https://maps.app.goo.gl/dZESHUqvxvXkr4a56]

 secure your spot before you regret it! See you soon in Bangalore!🏃‍♂💨""",3 Time veg & non veg,,URBAN COLIVING,https://maps.app.goo.gl/TyrZhFruvmuT8VWy7,,,,,,,,,,"https://www.google.com/maps/place/Urban+CoLive/@12.9424662,77.7015887,143m/data=!3m1!1e3!4m6!3m5!1s0x3bae13006aa8f451:0xea3d98c2d5d52628!8m2!3d12.9425075!4d77.7018119!16s%2Fg%2F11xl85lmps?entry=tts&g_ep=EgoyMDI1MTExNy4wIPu8ASoASAFQAw%3D%3D&skid=e0b35b8d-b3aa-4826-b558-9a4509bcc4e0"
,AurA COED,AECS/ MARATHALLI,,"MWB , HARSH",,,,"16-15
30",,"""""""""""""""⚡️ Welcome to Gharpayy AURA COED ! ⚡️ ❤️ We're thrilled you loved our rooms.🚀 *Exclusive Offer Alert:* **2K OFF MONTHLY** 


💛Dual Sharing Deluxe - ~Originally 18k~, **now just 16k!*
💛Dual Sharing Premium - ~Originally 19k~, **now just 17k!*
❤️Private rooms - ~Formerly 34k~, **now specially priced at 32k!*

💥 Act Fast: Lock in your reservation NOW and save 2000+ RS every month on a 3-month stay! *Offer expires in 4 hours. *Prebook* now for just 10k!*🔥   enjoy complimentary good food.""""""""""""""","""""""📍GHARPAYY AurA COED!
 🚀 Attention: Pre-Booking Required!   enjoy a seamless experience upon arrival! 

🎯DESTINATION [https://maps.app.goo.gl/9LyqEAe7armpFHyr9]

 secure your spot before you regret it! See you soon in Bangalore!🏃‍♂💨""""""",3 Time veg & non veg,https://drive.google.com/drive/folders/1NIdc7J_MwDxOWe5yi4W4wyPTECgsysyW?usp=drive_link,ZEN COLIVING,Zen Co-Living,ZEN,,,,,,,,,"https://www.google.com/maps/place/Zen+Co-Living/@12.9654596,77.7129088,849m/data=!3m2!1e3!4b1!4m6!3m5!1s0x3bae1363028dce6d:0x5ca1f4a700efdcd5!8m2!3d12.9654596!4d77.7154837!16s%2Fg%2F11y02mc06r!5m1!1e1?entry=tts&g_ep=EgoyMDI1MTEwMi4wIPu8ASoASAFQAw%3D%3D&skid=f18b828b-1e5e-48f1-91a8-e0c1bd189dc8"
,PAVION COED,BELLANDUR,,"MWB , HARSH , MADHAV",,,,"13
23",,"""""""""""""""⚡️ Welcome to Gharpayy PAVION COED ! ⚡️ ❤️ We're thrilled you loved our rooms.🚀 *Exclusive Offer Alert:* **2K OFF MONTHLY** 


💛Dual Sharing. - ~Originally 16k~, **now just 14k!*
❤️Private rooms - ~Formerly 28k~, **now specially priced at 25k!*

💥 Act Fast: Lock in your reservation NOW and save 2000+ RS every month on a 3-month stay! *Offer expires in 4 hours. *Prebook* now for just 3k!*🔥   enjoy complimentary good food.""""""""""""""","""""""📍GHARPAYY PAVION COED!
 🚀 Attention: Pre-Booking Required!   enjoy a seamless experience upon arrival! 

🎯DESTINATION [https://maps.app.goo.gl/dNUpaeppQgt3U2jDA]

 secure your spot before you regret it! See you soon in Bangalore!🏃‍♂💨""""""",3 Time veg & non veg,https://drive.google.com/drive/folders/1RQOU0UCZNJEt9QqlT7tlw4hT2gDsUtqT?usp=drive_link,EDEN PREMIUM,https://maps.app.goo.gl/UZui9pGQxqmyFd9u8,EDEN,https://youtube.com/shorts/yrY9yGlWZy8?feature=share,,,,,,,,"https://www.google.com/maps/place/Eden+Premium+Studio+Rooms/@12.9376456,77.7022997,1106m/data=!3m2!1e3!4b1!4m6!3m5!1s0x3bae1300594688dd:0x85130fa08958c9ca!8m2!3d12.9376456!4d77.7022997!16s%2Fg%2F11m6_9qv3x!5m1!1e1?entry=ttu&g_ep=EgoyMDI1MTIwMi4wIKXMDSoASAFQAw%3D%3D"
,KORVE COED ,KORAMANGALA ,,"KORA , ALL/YPR , ABHAYY , ASHMITA",,"ONE LINER BELOW 

GYM , THEATER , PS5, GAMES - EVERYTHING THAT GIVES YOU A VIBE",,16/28,,"⚡️ Welcome to Gharpayy KORVE COED⚡️
❤️ We're thrilled you loved our rooms.🚀 _Exclusive_ *PRE LAUNCH* _Offer Alert_: ~*UPTO 4K OFF MONTHLY*~

🧡Twin Classic - ~Was 20k~, **now only 18k!*
💛Twin Premium - ~Originally 24k~, **now just 22k!*
❤️Private Classic - ~Formerly 30k~, **now specially priced at 28k!*
❤️Private Premium - ~Formerly 37k~, **now specially priced at 35K!*

💥 Act Fast: Lock in your reservation NOW and save 2000+ RS every month on a 3-month stay! *Offer expires in 24 hours. *Prebook* now for just 10k!*🔥 enjoy complimentary good food.","📍GHARPAYY KORVE COED!
 🚀 Attention: Pre-Booking Required!   enjoy a seamless experience upon arrival! 

🎯DESTINATION https://maps.app.goo.gl/LfM7Y3VZuH6TNmxF6

 secure your spot before you regret it! See you soon in Bangalore!🏃‍♂💨''''''",weekdays - 2 times weekends-3 times,https://drive.google.com/drive/folders/1_tE6RCz0uEgtA_86wDdm7YydyKkX5b_m?usp=drive_link,NEXT DOOR MULTIVERSE ,https://maps.app.goo.gl/ZMuhnwUhsArYqSK57,NEXT DOOR ,https://youtube.com/shorts/AnSBTRYpfs0?feature=share,8139991234,NEXT DOOR ,9701848769,HARIKRISHNA REDY ,,,,"google.com/maps/place/NEXTDOOR+MULTIVERSE+-+CO+LIVING+PG/@12.9426264,77.6185031,849m/data=!3m2!1e3!4b1!4m6!3m5!1s0x3bae15aa556140c3:0x630eed2657615aee!8m2!3d12.9426264!4d77.621078!16s%2Fg%2F11xv1d94nx!5m1!1e1?entry=tts&g_ep=EgoyMDI1MTEwMi4wIPu8ASoASAFQAw%3D%3D&skid=261a513b-42d6-4d62-90dd-59c539fc1469"
  ,HS ARQ COED ,HSR LAYOUT ,7,"KORA , ALL/YPR , ABHAYY",,"gym,common area ",,15/27,,"""""""""""""""⚡ Welcome to Gharpayy HS ARQ COED ! ⚡ ❤ We're thrilled you loved our rooms.🚀 Exclusive Offer Alert: *3K OFF MONTHLY* 

💛Twin Sharing - ~Originally 18k~, *now just 15k!
💛Twin Suite - ~Originally 19k~, *now just 16k!
❤Private rooms - ~Formerly 31k~, *now specially priced at 28k!

💥 Act Fast: Lock in your reservation NOW and save 3000+ RS every month on a 2-month stay! Offer expires in few hours. *Prebook now for just 5k!""""""""""""""

💥 Act Fast: Lock in your reservation NOW and save 2000+ RS every month on a 3-month stay! *Offer expires in 4 hours. *Prebook* now for just 3k!*🔥   enjoy complimentary good food.""""""""""""""","""📍GHARPAYY HS ARQ COED !
 🚀 Attention: Pre-Booking Required!   enjoy a seamless experience upon arrival! 

🎯DESTINATION [https://maps.app.goo.gl/URJLwPHTm1zE5NAY7?g_st=ipc]

 secure your spot before you regret it! See you soon in Bangalore!🏃‍♂💨!""",,https://drive.google.com/drive/folders/1BoVvtTd8EPUCvbWC620kmZzLPrEy4mcl?usp=drive_link,PRO COED , https://maps.app.goo.gl/LpJYmb5EUuz5cDPJ9,GHARPAYY X PRO COED ,, 89781 42139,, 93817 81394,THRIUPATTI REDDY ,,,,
,MAQ COED ,Marathahalli. Aecs,,"MWB , HARSH",,,,12/22,,"""""""⚡️ Welcome to Gharpayy MAQ COED ! ⚡️ ❤️ We're thrilled you loved our rooms.🚀 *Exclusive Offer Alert:* **2K OFF MONTHLY** 


💛Dual Sharing. - ~Originally 16k~, **now just 14k!*
❤️Private rooms - ~Formerly 27k~, **now specially priced at 25k!*

💥 Act Fast: Lock in your reservation NOW and save 2000+ RS every month on a 3-month stay! *Offer expires in 4 hours. *Prebook* now for just 3k!*🔥   enjoy complimentary good food.""""""","""📍GHARPAYY MAQ COED !
 🚀 Attention: Pre-Booking Required!   enjoy a seamless experience upon arrival! 

🎯DESTINATION [https://maps.app.goo.gl/HYnG2AwwDXLt9E2Z9]

 secure your spot before you regret it! See you soon in Bangalore!🏃‍♂💨!""",,https://drive.google.com/drive/folders/13Aj_fQCitQGeRKPsWaz_fxaxjlVpHpfB?usp=drive_link,VOW LIVING ,https://goo.gl/maps/hA3iYaPC4XTwAaVh9,VOW LIVING ,https://youtube.com/shorts/bVgs-UrXtkE?feature=share,8309733994,RAVI TEJA ,8309733994,RAVI TEJA ,,,,"https://www.google.com/maps/place/Sri+harshitha+coliving/@12.95515,77.7127213,197m/data=!3m1!1e3!4m12!1m5!3m4!2zMTLCsDU3JzE5LjUiTiA3N8KwNDInNDYuNyJF!8m2!3d12.955412!4d77.712978!3m5!1s0x3bae13a405a9b347:0x9ba023b6c96a3479!8m2!3d12.95509!4d77.7129207!16s%2Fg%2F11lmz70hgc!5m1!1e1?entry=ttu&g_ep=EgoyMDI1MTIwMi4wIKXMDSoASAFQAw%3D%3D"
,KHB BOYS ,Kormangala,,"KORA , ALL/YPR , ABHAYY , ASHMITA",,,,8/12/18,,"⚡️ Welcome to Gharpayy KHB BOYS! ⚡️ ❤️ We're thrilled you loved our rooms.🚀 Exclusive Offer Alert: *2K OFF MONTHLY* 

🧡Triple Sharing. - ~Was 12k~, *now only 10K!
💛Dual Sharing. - ~Originally 16k~, *now just 14k!
❤️Private rooms - ~Formerly 24k~, *now specially priced at 21K! 

💥 Act Fast: Lock in your reservation NOW and save 2000+ RS every month on a 3-month stay! Offer expires in 4 hours. *Prebook now for just 3k!*🔥   enjoy complimentary good food.","""📍 Gharpayy KHB BOYS!!!
🚀 Attention: Pre-Booking Required!   enjoy a seamless experience upon arrival! 

https://maps.app.goo.gl/8GyFCpwJRzvHLvv96

 secure your spot before you regret it! See you soon in Bangalore!🏃‍♂💨""",3 Time veg & non veg,https://drive.google.com/drive/folders/18IjvxMq0yj0UU7pob5XRL7B6U5sSNv-L?usp=drive_link,SRI VARAHI ,https://maps.app.goo.gl/YNrq2bPJMZKCaNGf8,SRI VARAHI ,,8999972220,TRIVEDI ,9160689366,NARAYANA NAIDU ,,,,"https://www.google.com/maps/place/SRI+VARAHI+GENTS+PG,+Sri+varahi+Gents+PG,+near+income+tax+office,+National+Games+Village+Complex,+6th+Block,+Koramangala,+Bengaluru,+Karnataka+560095/data=!4m2!3m1!1s0x3bae1588b49ce7ad:0xb1e87e285ff58a6c?utm_source=mstt_1&entry=gps&coh=192189&g_ep=CAESBzI1LjQzLjEYACCenQoqogEsOTQyNjc3MjcsOTQyOTIxOTUsOTQyODQ0NjMsOTQyMjMyOTksOTQyMTY0MTMsOTQyODA1NzYsOTQyMTI0OTYsOTQyMDczOTQsOTQyMDc1MDYsOTQyMDg1MDYsOTQyMTc1MjMsOTQyMTg2NTMsOTQyMjk4MzksOTQyNzUxNjgsOTQyNzk2MTUsOTQyNjI3MzMsNDcwODQzOTMsOTQyMTMyMDBCAklO&skid=0a402a7e-46a4-4250-85ce-76a4ac82fa49"
,ITP LUXE COED ,WHITEFIELD,,"MWB , MADHAV",,,,"14
15.5
26.5
30",,"⚡️ Welcome to Gharpayy ITP LUXE  COED⚡️
❤️ We're thrilled you loved our rooms.🚀 _Exclusive_ *PRE LAUNCH* _Offer Alert_: ~*UPTO 4K OFF MONTHLY*~

🧡Twin Deluxe - ~Was 18k~, **now only 15k!*
💛Twin Premium - ~Originally 20k~, **now just 16.5k!*
❤️Private Deluxe - ~Formerly 32k~, **now specially priced at 28k!*
❤️Private Premium - ~Formerly 35k~, **now specially priced at 31K!*

💥 Act Fast: Lock in your reservation NOW and save 2000+ RS every month on a 3-month stay! *Offer expires in 24 hours. *Prebook* now for just 10k!*🔥 enjoy complimentary good food.","GHARPAYY ITP LUXE  COED
🚀 Attention: Pre-Booking Required! enjoy a seamless experience upon arrival! 

🎯DESTINATION : https://maps.app.goo.gl/wKmtjfB2BagLQuTUA

Secure your spot before you regret it! See you soon in Bangalore!🏃‍♂️💨","2 TIMES VEG

MON TO FRIDAY",https://drive.google.com/drive/folders/1hnpbCopp_u_VFWilnC4bZ4LmZmonfklN?usp=drive_link,FF21 WFD,FF21 WFD | Whitefield (Z-Hub),,https://youtube.com/shorts/o0PUzHtw2rQ?feature=share,,,,,"ALL-INCLUSIVE AMENITIES (BUILT INTO YOUR RENT) This isn’t a place to stay. It’s a system designed to remove friction from daily life.
SIGMA COED 
🧹 Housekeeping
* Professional cleaning twice a week, based on room type

🍽️ Food (Weekdays)
* Breakfast & Dinner
* Monday to Friday

⚙️ Utilities & Daily Essentials
* Maintenance & Water
* RO Drinking Water
* High-Speed Wi-Fi
* Scheduled Pest Control
* 24×7 CCTV & Security

🧺 Laundry Support 2–4 Laundry Coupons
(Varies by room category)

🛏️ In-Room Comforts
* Refrigerator
* Dedicated Workstation (Table & Chair)
* Wardrobe Organizer Sets

 COMMUNITY & LIFESTYLE SPACES

🎯 Social & Recreation
* Game Room: Table Tennis, Pool, Foosball
* Board Games
* PS4 Gaming Console

🎬 Entertainment Zones
* Home Theater with Netflix, Prime & Hotstar
* TV with Tata Sky in common areas

🏡 Shared Living Spaces
* Lounge Area • Dining Area
* Sky Deck & Terrace Access

 Self-Use Convenience* • Fully equipped self-cooking kitchen stations

 TRANSPARENCY, ALWAYS
* Electricity charged on actual consumption
* All prices are inclusive of applicable taxes and charges

Designed for people who value time, comfort, and clarity. Everything you need. Nothing you need to chase.",,,"https://www.google.com/maps/place/FF21+WFD+%7C+Whitefield+(Z-Hub)/@12.9680327,77.7152383,4422m/data=!3m1!1e3!4m10!1m2!2m1!1sFF21-wfd!3m6!1s0x3bae11b1a2204a27:0xb030810c3fe3477c!8m2!3d12.984582!4d77.7335748!15sCghGRjIxLXdmZFoKIghmZjIxIHdmZJIBEXN0dWRlbnRfZG9ybWl0b3J5mgFEQ2k5RFFVbFJRVU52WkVOb2RIbGpSamx2VDJ0YWVHRXhhRlpPYTNoWlUwWm9XbGRZWkZaaFZuQlJZV3RvWm1SSVl4QULgAQD6AQQIABAz!16s%2Fg%2F11xn76qyy9!5m1!1e1?entry=ttu&g_ep=EgoyMDI1MTIwMi4wIKXMDSoASAFQAw%3D%3D"
,LEXUS COED,MARATHALLI,,"MADHAV , MWB",,,,"POD SINGLE ROOM 
14000/17350/18450
TWIN COUPLE ROOMS 
34700/36950",,"""""""⚡️ Welcome to Gharpayy LEXUS  COED ⚡️
❤️ We’re thrilled you loved our rooms. 🚀 Exclusive PRE LAUNCH Offer Alert: ~UPTO 4K OFF MONTHLY~

🧡 Pods Single Basic – ~Was 18k~, now only 16k!
💛 Pods Single Deluxe – ~Originally 21k~, now just 19k!
❤️ Pods Single Premium – ~Formerly 22k~, now specially priced at 20k!

💛 Twin/Couple Deluxe – ~Originally 38k~, now just 36k!
❤️ Twin/Couple Premium – ~Formerly 40k~, now specially priced at 38k!

💥 Act Fast: Lock in your reservation NOW and save 2000+ RS every month on a 3-month stay! Offer expires in 24 hours.📌 Prebook now for just 10k! 🔥 Enjoy complimentary good food.""""""","GHARPAYY LEXUS COED
🚀 Attention: Pre-Booking Required! enjoy a seamless experience upon arrival! 

🎯DESTINATION : https://maps.app.goo.gl/geCTmVbiotXDbqVh6

Secure your spot before you regret it! See you soon in Bangalore!🏃‍♂️💨","2 TIMES VEG

MON TO FRIDAY",LEXUS COED GG ,FF21 PODS,https://maps.app.goo.gl/bge47wT4AxKseR2B7,,https://youtube.com/shorts/Bcjp7nh9IW0?feature=share,,,,,"ALL-INCLUSIVE AMENITIES (BUILT INTO YOUR RENT) This isn’t a place to stay. It’s a system designed to remove friction from daily life.
LEXUS  COED 
🧹 Housekeeping
* Professional cleaning twice a week, based on room type

🍽️ Food (Weekdays)
* Breakfast & Dinner
* Monday to Friday

⚙️ Utilities & Daily Essentials
* Maintenance & Water
* RO Drinking Water
* High-Speed Wi-Fi
* Scheduled Pest Control
* 24×7 CCTV & Security

🧺 Laundry Support 2–4 Laundry Coupons
(Varies by room category)

🛏️ In-Room Comforts
* Refrigerator
* Dedicated Workstation (Table & Chair)
* Wardrobe Organizer Sets

 COMMUNITY & LIFESTYLE SPACES

🎯 Social & Recreation
* Game Room: Table Tennis, Pool, Foosball
* Board Games
* PS4 Gaming Console

🎬 Entertainment Zones
* Home Theater with Netflix, Prime & Hotstar
* TV with Tata Sky in common areas

🏡 Shared Living Spaces
* Lounge Area • Dining Area
* Sky Deck & Terrace Access

 Self-Use Convenience* • Fully equipped self-cooking kitchen stations

 TRANSPARENCY, ALWAYS
* Electricity charged on actual consumption
* All prices are inclusive of applicable taxes and charges

Designed for people who value time, comfort, and clarity. Everything you need. Nothing you need to chase.",,,"https://www.google.com/maps/place/FF21-PODS+%7C+Marathahalli/@12.9478098,77.7156604,1106m/data=!3m2!1e3!4b1!4m6!3m5!1s0x3bae13c25f9bb447:0x200e93aa540e4bf8!8m2!3d12.9478046!4d77.7182353!16s%2Fg%2F11jyjvb3b2!5m1!1e1?entry=ttu&g_ep=EgoyMDI1MTIwMi4wIKXMDSoASAFQAw%3D%3D"
,KLM COED,MARATHALLI,,"MWB , HARSH , RIYA",,,,11/20,,"""⚡️ Welcome to Gharpayy KLM COED! ⚡️ ❤️ We're thrilled you loved our rooms.🚀 Exclusive Offer Alert: *3K OFF MONTHLY* 

🧡Twin Sharing. - ~Was 15k~, *now only 11K!
❤️Private rooms - ~Formerly 25k~, *now specially priced at 22K! 

💥 Act Fast: Lock in your reservation NOW and save 2000+ RS every month on a 3-month stay! Offer expires in 4 hours. *Prebook now for just 3k!*🔥   enjoy complimentary good food.""","GHARPAYY KLM COED!

🚀 Attention: Pre-Booking Required! enjoy a seamless experience upon arrival! 

🎯DESTINATION : https://maps.app.goo.gl/RrCwXtia3ZNFmQrF9?g_st=ipc

Secure your spot before you regret it! See you soon in Bangalore!🏃‍♂️💨",3 Time veg & non veg,https://drive.google.com/drive/folders/19lTruWfyz6VvSpGAzqd_whC7MrqMGWGl?usp=drive_link,Chap & Dona,https://maps.app.goo.gl/2KNddLNRhDtfgih49,chap and dona,https://youtube.com/shorts/4O4aw43hKHg?feature=share,9110533155,vishnu,,,*🧹 Housekeeping*,,,"https://www.google.com/maps/place/Chap+and+dona+colive/@12.9540623,77.7104176,1106m/data=!3m2!1e3!4b1!4m6!3m5!1s0x3bae1318a58d2d89:0xcafd65b63da0f67f!8m2!3d12.9540571!4d77.7152885!16s%2Fg%2F11s7ptfff1?entry=tts&g_ep=EgoyMDI1MTExMi4wIPu8ASoASAFQAw%3D%3D&skid=8f5476b0-9c14-4ea7-a3f3-4f833e44be41"
,Zeeta coed,whitefield,"hopefarm, itpl,  Whitefield, ","MWB , HARSH",zeeta,"balcony room, budget stay,  food included",20,D 10/ S 19,"Yep,  _*EAGER TO SEE THE ACCOMMODATION ?*_ 👀 

 *GHARPAYY - WHIT COED*  👉👉 https://stays.gharpayy.in/view?file=GG%20WHIT%20COED%20W.pdf  ♥️
> FULLY FURNISHED WITH    FOOD & GREAT AMENITIES. IT'S HAND-PICKED FOR YOU 🔑 PREBOOK & UNLOCK DISCOUNTS 

*RATE OUT OF 10 ?* 🫢👌
 
> OR ASK QUESTIONS,  SO, WE CAN UNDERSTAND YOUR NEEDS ASAP & GET BEST ACCOMMODATION. 

Click To See - REFER N EARN
","⚡️ Welcome to Gharpayy Zeeta - COED! ⚡️ ❤️ We're thrilled you loved our rooms.🚀 *Exclusive Offer Alert:* **2K OFF MONTHLY** 

💛Dual Sharing. - ~Originally 14k~, **now just 12k!*
❤️Private rooms - ~Formerly 23k~, **now specially priced at 21k!*

💥 Act Fast: Lock in your reservation NOW and save 2000+ RS every month on a 3-month stay! *Offer expires in 4 hours. *Prebook* now for just 3k!*🔥   enjoy complimentary good food.","""📍GHARPAYY ZEETA COED

🚀 Attention: Pre-Booking Required!   _enjoy a seamless experience upon arrival!_ 

🎯DESTINATION [https://maps.app.goo.gl/gWyt5JCjXRZed4WY6 ]

 _secure your spot before you regret it! See you soon in Bangalore!_🏃‍♂️💨""",3 Time veg & non veg,ZEETA COED GG,Elite4,https://maps.app.goo.gl/RMZyqKDQDmFz5fUTA,Elite4,https://youtube.com/shorts/1jDKUZDvOqw?feature=share,,,,,"• Professional cleaning twice a week, based on room type",,,"https://www.google.com/maps/place/ELITE4+CO+LIVING/@12.9805722,77.7464934,276m/data=!3m2!1e3!4b1!4m9!3m8!1s0x3bae0f9f85f9e629:0x8153e6233017ee42!5m2!4m1!1i2!8m2!3d12.9805709!4d77.7471371!16s%2Fg%2F11xcldk2_1!5m1!1e1?entry=tts&g_ep=EgoyMDI1MTExOC4wIPu8ASoASAFQAw%3D%3D&skid=a52ad8fc-7d1e-4217-8cea-0c9995a1694a"
,ZELUXE COED,AECS/BROOKFIELD,AECS/BROOKFIELD,"MWB , HARSH",,,,17/33,,"""⚡️ Welcome to Gharpayy ZELUXE COED! ⚡️ ❤️ We're thrilled you loved our rooms.🚀 Exclusive Offer Alert: *2K OFF MONTHLY* 

💛Twin Sharing. - ~Originally 21 k~, *now just 18 k!
❤️Private rooms - ~Formerly 38 k~, *now specially priced at 35 k!

💥 Act Fast: Lock in your reservation NOW and save 2000+ RS every month on a 3-month stay! *Offer expires in few hours. *Prebook* now for just 5k!*🔥   enjoy complimentary good food.""""""","""📍GHARPAYY ZELUXE COED!
 🚀 Attention: Pre-Booking Required!   enjoy a seamless experience upon arrival! 

🎯DESTINATION [https://maps.app.goo.gl/fCgv1oziDJvJNNfv5]

 secure your spot before you regret it! See you soon in Bangalore!🏃‍♂️💨""",3 TIMES VEG/NON VEG,https://drive.google.com/drive/folders/1HkcvRtAtj--izfFKmYhYo6ZMoFnLLoI_?usp=drive_link,VSR Dwell,https://maps.app.goo.gl/DbSMt3ufL3UgFhVk7,zeluxe,,,,,,,,,"https://www.google.com/maps/place/M+%26+W+Coliving/@12.9648841,77.7166417,18.98z/data=!4m6!3m5!1s0x3bae13005da709c7:0xefba4164bc065506!8m2!3d12.9647662!4d77.7161399!16s%2Fg%2F11xcv22n3h?entry=tts&g_ep=EgoyMDI1MDYxMS4wIPu8ASoASAFQAw%3D%3D&skid=8d434714-2cbb-4caf-b7eb-a6bcc8437dd1"
,FABLE GIRLS ,BTM LAYOUT ,"slik board, btm ","ALL/YPR , KORA , ABHAYY",,,,10/13/25,,"⚡️ Welcome to Gharpayy FABLE GIRLS! ⚡️ ❤️ We're thrilled you loved our rooms.🚀 Exclusive Offer Alert: *2K OFF MONTHLY* 

🧡Triple Sharing. - ~Was 12k~, *now only 10K!
💛Dual Sharing. - ~Originally 17k~, *now just 15k!
❤️Private rooms - ~Formerly 28k~, *now specially priced at 26K! 

💥 Act Fast: Lock in your reservation NOW and save 2000+ RS every month on a 3-month stay! Offer expires in 4 hours. *Prebook now for just 3k!*🔥   enjoy complimentary good food.","📍GHARPAYY Fable girls
🚀 Attention: Pre-Booking Required!   _enjoy a seamless experience upon arrival!_ 

🎯DESTINATION [https://maps.app.goo.gl/qCbvrRUZ6dFztJM16]

 _secure your spot before you regret it! See you soon in Bangalore!_🏃‍♂️💨",3 TIMES VEG/NON VEG,https://drive.google.com/drive/folders/1HWS-DbNTKQFGFmIaIpP8ADlGB_mYA7V3?usp=drive_link,GMB COMFORTS,https://maps.app.goo.gl/JLmPowVAmuXeu1YT7,GMB COMFORTS X GHARPAYY ,https://youtube.com/shorts/7AbQtsUF8zs,8431426795,,9980889487,,*🍽️ Food (Weekdays)*,,,
,TOM BOYS ,KORAMANGLA  ,,"ALL/YPR , KORA , ABHAYY",,,,11/13/23,,"⚡️ Welcome to Gharpayy TOM BOYS! ⚡️ ❤️ We're thrilled you loved our rooms.🚀 Exclusive Offer Alert: *2K OFF MONTHLY* 

🧡Triple Sharing. - ~Was 14k~, *now only 12K!
💛Dual Sharing. - ~Originally 17k~, *now just 15k!
❤️Private rooms - ~Formerly 27k~, *now specially priced at 25K! 

💥 Act Fast: Lock in your reservation NOW and save 2000+ RS every month on a 3-month stay! Offer expires in 4 hours. *Prebook now for just 3k!*🔥   enjoy complimentary good food.","📍GHARPAYY TOM BOYS -BOYS..!

🚀 Attention: Pre-Booking Required!   _enjoy a seamless experience upon arrival!_ 

🎯DESTINATION [https://maps.app.goo.gl/D2rG63LzrV9a7X1N9]

 _secure your spot before you regret it! See you soon in Bangalore!_🏃‍♂️💨",3 TIMES VEG/NON VEG,https://drive.google.com/drive/folders/1XZcmlw6I00_k1ZU_XwxS9tyDVAflZ9-K?usp=drive_link,KALPAVRIKSHA,,GHAPPAYY BOOKING KLP ,https://youtube.com/shorts/gQHwQCDIuhs,6364800803,PRIYANKA ,,,• Breakfast & Dinner,,,
,TOVE BOYS ,KORAMANGLA  ,,"KORA , ALL/YPR, ABHAYY",,,,7.5/11/17,,"⚡️ Welcome to Gharpayy TOVE BOYS! ⚡️ ❤️ We're thrilled you loved our rooms.🚀 Exclusive Offer Alert: *2K OFF MONTHLY* 

🧡Triple Sharing. - ~Was 10k~, *now only 8K!
💛Dual Sharing. - ~Originally 14k~, *now just 12k!
❤️Private rooms - ~Formerly 20k~, *now specially priced at 18K! 

💥 Act Fast: Lock in your reservation NOW and save 2000+ RS every month on a 3-month stay! Offer expires in 4 hours. *Prebook now for just 3k!*🔥   enjoy complimentary good food.","GHARPAYY TOVE BOYS 

🚀 Attention: Pre-Booking Required!   enjoy a seamless experience upon arrival! 

🎯DESTINATION : https://maps.app.goo.gl/Mukfn9vnVK9vN8up8

 secure your spot before you regret it! See you soon in Bangalore!🏃‍♂️",3 TIMES VEG/NON VEG,https://drive.google.com/drive/folders/1viprovgDS86hBgKF0LWrwj0a784C8THl?usp=drive_link,SAPTHGIRI PG FOR GENTS ,https://maps.app.goo.gl/NNh4Jg4pkkdqohCX6,SAPTHGIRI PG,https://youtube.com/shorts/lZ_y6PdQAZ0,7294828337,,8884123459,,• Monday to Friday,,,
,QUT GIRLS ,KORAMANGLA  ,,"KORA , ALL/YPR , ABHAYY",,,,10/12/18,,"⚡️ Welcome to Gharpayy QUT GIRLS! ⚡️ ❤️ We're thrilled you loved our rooms.🚀 Exclusive Offer Alert: *2K OFF MONTHLY* 

🧡Triple Sharing. - ~Was 13k~, *now only 11K!
💛Dual Sharing. - ~Originally 15k~, *now just 13k!
❤️Private rooms - ~Formerly 22k~, *now specially priced at 20K! 

💥 Act Fast: Lock in your reservation NOW and save 2000+ RS every month on a 3-month stay! Offer expires in 4 hours. *Prebook now for just 3k!*🔥   enjoy complimentary good food.","GHARPAYY QUT GIRLS !
 🚀 Attention: Pre-Booking Required!   _enjoy a seamless experience upon arrival!_ 

🎯DESTINATION [https://maps.app.goo.gl/y6Rf5dBpvY6TBak3A]

 _secure your spot before you regret it! See you soon in Bangalore!_🏃‍♂️💨",3 TIMES VEG,https://drive.google.com/drive/folders/1CwAJRE4a06s2OnBi0_3OM-bIDo45ZJYR?usp=drive_link,MOJO HAWARD HOUSE ,https://maps.app.goo.gl/kSXxab2658WzZQBu6?g_st=ipc,MOJO X GHARPAYY ,https://youtube.com/shorts/LI5aDqo3aZk,8792915685,LAVANAYA ,8951142499,MANU,,,,
, zexx coed ,KORAMANGLA  ,sg palya ,"KORA , ALL/YPR , ABHAYY",,,,12/18,,"⚡️ Welcome to Gharpayy ZEXX COED! ⚡️ ❤️ We're thrilled you loved our rooms.🚀 Exclusive Offer Alert: *2K OFF MONTHLY* 

💛Dual Sharing. - ~Originally 15k~, *now just 13k!
❤️Private rooms - ~Formerly 22k~, *now specially priced at 20K! 

💥 Act Fast: Lock in your reservation NOW and save 2000+ RS every month on a 3-month stay! Offer expires in 4 hours. *Prebook now for just 3k!*🔥   enjoy complimentary good food.","GHARPAYY ZEXX COED !
 🚀 Attention: Pre-Booking Required!   _enjoy a seamless experience upon arrival!_ 

🎯DESTINATION [https://maps.app.goo.gl/y6Rf5dBpvY6TBak3A]

 _secure your spot before you regret it! See you soon in Bangalore!_🏃‍♂️💨",3 TIMES VEG,https://drive.google.com/drive/folders/1ryagwtgurKkXo2WEccRjKv1z4V41Uu4C?usp=drive_link...................................,MOJO PRINCETON ,https://maps.app.goo.gl/WDZeyae9uStdfjvo9?g_st=ipc,MOJO X GHARPAYY ,https://youtube.com/shorts/riXVJ-CDzU8,8867972551,,8951142499,MANU,*⚙️ Utilities & Daily Essentials*,,,
, ELUX COED,Bellandur,Kadubeshanhali,"MWB , HARSH",,,,19/28,,"""⚡️ Welcome to Gharpayy ELUX COED! ⚡️ ❤️ We're thrilled you loved our rooms.🚀 Exclusive Offer Alert: *2K OFF MONTHLY* 

💛Dual Sharing. - ~Originally 22k~, *now just 19k!
❤️Private rooms - ~Originally 33k~, *now just 30.3k!

💥 Act Fast: Lock in your reservation NOW and save 2000+ RS every month on a 3-month stay! Offer expires in 4 hours. *Prebook now for just 3k!*🔥   enjoy complimentary good food.""","GHARPAYY ELUX COED !
 🚀 Attention: Pre-Booking Required!   _enjoy a seamless experience upon arrival!_ 

🎯DESTINATION [https://maps.app.goo.gl/xgyo4AvveC8Mb5oU9]

 _secure your spot before you regret it! See you soon in Bangalore!_🏃‍♂️💨",3 TIMES VEG/NON VEG,https://drive.google.com/drive/folders/10dsJo5yHTzhqkebr7Zg5kzrTKa9SD8ta?usp=drive_link,Infinity inn echo,https://maps.app.goo.gl/rKhCdzjmuK8Fz9uZ6,ECHO COLIVING,https://youtube.com/shorts/5RKmnTb5a04,,,"79966 79993 PG Manager 
93464 05038 Akash Kumar",,• Maintenance & Water,,,
,ARK COED,Whitefield,,"MWB , HARSH",,,,11/22,,"⚡️ Welcome to Gharpayy ARK COED! ⚡️ ❤️ We're thrilled you loved our rooms.🚀 Exclusive Offer Alert: *2K OFF MONTHLY* 

💛Dual Sharing. - ~Originally 15k~, *now just 13k!
❤️Private rooms - ~Formerly 25k~, *now specially priced at 23K! 

💥 Act Fast: Lock in your reservation NOW and save 2000+ RS every month on a 3-month stay! Offer expires in 4 hours. *Prebook now for just 3k!*🔥   enjoy complimentary good food."," 📍GHARPAYY ARK COED!
 🚀 Attention: Pre-Booking Required!   enjoy a seamless experience upon arrival! 

🎯DESTINATION [https://maps.app.goo.gl/rjnKLPovy4PiVGHk7]

 secure your spot before you regret it! See you soon in Bangalore!🏃‍♂💨",3 TIMES VEG,,arcadian livinn,https://maps.app.goo.gl/mexXk96Y9dCDawNo7,arcadian,,81869 33794,brahamendran,,,• RO Drinking Water,,,
,DORA BOYS ,DOMLUR / EJIPURA ,near to indranagar ,"KORA , ASHMITA , ABHAYY",,,,8.5K/10.5K,,"⚡️ Welcome to Gharpayy DORA BOYS! ⚡️ ❤️ We're thrilled you loved our rooms.🚀 Exclusive Offer Alert: *2K OFF MONTHLY* 

🧡Triple Sharing. - ~Was 12.5k~, *now only 10.5K!
💛Dual Sharing. - ~Originally 14k~, *now just 12k!

💥 Act Fast: Lock in your reservation NOW and save 2000+ RS every month on a 3-month stay! Offer expires in 4 hours. *Prebook now for just 3k!*🔥   enjoy complimentary good food.","GHARPAYY DORA BOYS  !
 🚀 Attention: Pre-Booking Required!   _enjoy a seamless experience upon arrival!_ 

🎯DESTINATION [https://maps.app.goo.gl/y9VV72MAafCG7tCg9?g_st=ipc]

 _secure your spot before you regret it! See you soon in Bangalore!_🏃‍♂️💨",,https://drive.google.com/drive/folders/1Qp5i3U-6FdKPrLHhYohD6YkSWnis3YTC?usp=drive_link,Shyam Comforts Gents PG,https://maps.app.goo.gl/PkLZ6oe4Zn2BXSLa9,,,,,,,• High-Speed Wi-Fi,,,
,VeLuxe COED,VEGA CITY ,NS PALYA ,"ALL/YPR , SANCHIT , KORA",next to vega city mall ,NEW CONSTRUCTED ,,14/15/27/29,,"⚡️ Welcome to Gharpayy  HS/VELUXE COED⚡️
❤️ We're thrilled you loved our rooms.🚀 _Exclusive_ *PRE LAUNCH* _Offer Alert_: ~*UPTO 4K OFF MONTHLY*~

🧡Twin Deluxe - ~Was 18k~, **now only 16k!*
💛Twin Premium - ~Originally 19k~, **now just 17k!*
❤️Private Deluxe - ~Formerly 31k~, **now specially priced at 29k!*
❤️Private Premium - ~Formerly 33k~, **now specially priced at 31K!*

💥 Act Fast: Lock in your reservation NOW and save 2000+ RS every month on a 3-month stay! *Offer expires in 24 hours. *Prebook* now for just 10k!*🔥 enjoy complimentary good food."," ""GHARPAYY HS/VELUXE COED !
 🚀 Attention: Pre-Booking Required!   _enjoy a seamless experience upon arrival!_ 


🎯DESTINATION [https://maps.app.goo.gl/LGZV2Wd7mDqvqqPe6?g_st=ic]

 _secure your spot before you regret it! See you soon in Bangalore!_🏃‍♂️💨",3  TIME VEG/NON VEG,https://drive.google.com/drive/folders/1co0yt4krZLKiROVb84TqA2v2w2Nyd6zE?usp=drive_link, Sivani living (LOTUS ),https://maps.app.goo.gl/j5XLmDc6QUwsTrCc6?g_st=ic,SIVANI CO LIVING ,https://youtube.com/shorts/YubhJzAWd2A,,,,,• Scheduled Pest Control,,,
, Hgr  METRO COED ,HSR / BTM ,near Bommanahalli metro station & HSR Layout,"KORA , ALL/YPR , SANCHIT",,,,13/14/15/23/24/25,,"⚡️ Welcome to Gharpayy HGR  METRO COED ⚡️
❤️ We’re thrilled you loved our rooms. 🚀 Exclusive PRE LAUNCH Offer Alert: ~UPTO 4K OFF MONTHLY~

🧡 Twin Executive – ~Was 17k~, now only 15k!
💛 Twin Deluxe – ~Originally 18k~, now just 16k!
❤️ Twin Suit – ~Formerly 19k~, now specially priced at 17k!

🧡 Private Executive – ~Was 27k~, now only 25k!
💛 Private Deluxe – ~Originally 28k~, now just 26k!
❤️ Private Suit – ~Formerly 29k~, now specially priced at 27k!

💥 Act Fast: Lock in your reservation NOW and save 2000+ RS every month on a 3-month stay! Offer expires in 24 hours.📌 Prebook now for just 10k! 🔥 Enjoy complimentary good food.",""" """"GHARPAYY HGR METRO COED !
 🚀 Attention: Pre-Booking Required!   _enjoy a seamless experience upon arrival!_ 


🎯DESTINATION [https://maps.app.goo.gl/x5b7KqMMoRACS369A]

 _secure your spot before you regret it! See you soon in Bangalore!_🏃‍♂️💨",3  TIME VEG/NON VEG,https://drive.google.com/drive/folders/1AJ1TqeHI48KEXMzxlnO3oXf6Pny52meX?usp=drive_link, Sivani living (lavendar house),https://maps.app.goo.gl/k6LDTThzQK9gANNy9,SIVANI CO LIVING ,https://youtube.com/shorts/XlBTp6cDVe0,,,,,• 24×7 CCTV & Security,,,
,HS HUGO COED ,HSR LAYOUT ,near hogasandrametro station ,"ALL/YPR , KORA , SANCHIT",,,,13/14/15/23/24/25,,"""⚡️ Welcome to Gharpayy HUGO COED ⚡️
❤️ We’re thrilled you loved our rooms. 🚀 Exclusive PRE LAUNCH Offer Alert: ~UPTO 4K OFF MONTHLY~

🧡 Twin Executive – ~Was 17k~, now only 15k!
💛 Twin Deluxe – ~Originally 18k~, now just 16k!
❤️ Twin Suit – ~Formerly 19k~, now specially priced at 17k!

🧡 Private Executive – ~Was 27k~, now only 25k!
💛 Private Deluxe – ~Originally 28k~, now just 26k!
❤️ Private Suit – ~Formerly 29k~, now specially priced at 27k!

💥 Act Fast: Lock in your reservation NOW and save 2000+ RS every month on a 3-month stay! Offer expires in 24 hours.📌 Prebook now for just 10k! 🔥 Enjoy complimentary good food.""","""GHARPAYY HS HUGO COED !
 🚀 Attention: Pre-Booking Required!   _enjoy a seamless experience upon arrival!_ 

🎯DESTINATION [https://maps.app.goo.gl/52tJEDzbfbMvTDLF7?g_st=ic]

 _secure your spot before you regret it! See you soon in Bangalore!_🏃‍♂️💨",3  TIME VEG/NON VEG,https://drive.google.com/drive/folders/1Al3VDwRVaawsG6WkMfRcpA5tWK_92W1g?usp=drive_link, Sivani living ( cherry blossom house),https://maps.app.goo.gl/uUCScfsDwWTXKDhh6?g_st=ic,SIVANI CO LIVING ,https://youtube.com/shorts/_wqw8Ua6FyM?feature=share,,,,,,,,
,HS/EDGE COED,HSR LAYOUT ,near Bommanahalli metro station & HSR Layout,"ALL/YPR , KORA , SANCHIT",,,,11/19,,"⚡️ Welcome to Gharpayy HS/EDGE COED ⚡️
❤️ We’re thrilled you loved our rooms. 🚀 Exclusive PRE LAUNCH Offer Alert: ~UPTO 4K OFF MONTHLY~

🧡 Twin Executive – ~Was 15k~, now only 13k!
❤️ Private Executive – ~Formerly 23k~, now specially priced at 21k!

💥 Act Fast: Lock in your reservation NOW and save 2000+ RS every month on a 3-month stay!⏳ Offer expires in 24 hours.📌 Prebook now for just 10k! 🔥 Enjoy complimentary good food.

"," ""GHARPAYY HS/EDGE COED !
 🚀 Attention: Pre-Booking Required!   _enjoy a seamless experience upon arrival!_ 

🎯DESTINATION [https://maps.app.goo.gl/x5b7KqMMoRACS369A]

 _secure your spot before you regret it! See you soon in Bangalore!_🏃‍♂️💨",3  TIME VEG/NON VEG,https://drive.google.com/drive/folders/1Z1ZQZX4CcqZMtBAjl_NeLe8U7gNvdBJ8?usp=drive_link,  Sivani living (IRIS HOUSE),https://maps.app.goo.gl/816oe2VGZCKSJKww8,SIVANI CO LIVING ,https://youtube.com/shorts/AhpMPLEHkkg,,,,,*🧺 Laundry Support* 2–4 Laundry Coupons,,,
,VEGAS COED ,VEGA CITY ,NS PALYA ,"ALL/YPR , KORA , ZONE N PERSON, SANCHIT",next to vega city mall ,NEW CONSTRUCTED ,,13/14/15/23/24/25,,"⚡️ Welcome to Gharpayy VEGAS COED ⚡️
❤️ We’re thrilled you loved our rooms. 🚀 Exclusive PRE LAUNCH Offer Alert: ~UPTO 4K OFF MONTHLY~

🧡 Twin Executive – ~Was 17k~, now only 15k!
💛 Twin Deluxe – ~Originally 18k~, now just 16k!
❤️ Twin Suit – ~Formerly 19k~, now specially priced at 17k!

🧡 Private Executive – ~Was 27k~, now only 25k!
💛 Private Deluxe – ~Originally 28k~, now just 26k!
❤️ Private Suit – ~Formerly 29k~, now specially priced at 27k!

💥 Act Fast: Lock in your reservation NOW and save 2000+ RS every month on a 3-month stay! Offer expires in 24 hours.📌 Prebook now for just 10k! 🔥 Enjoy complimentary good food."," ""GHARPAYY VEGAS COED  !
 🚀 Attention: Pre-Booking Required!   _enjoy a seamless experience upon arrival!_ 

🎯DESTINATION [https://maps.app.goo.gl/Cv2rVP3zUx3BBq7NA]

 _secure your spot before you regret it! See you soon in Bangalore!_🏃‍♂️💨",3 TIME VEG/NON VEG,https://drive.google.com/drive/folders/1hQy5AE-FjaId2yFbmOT5n8vpcP5TMBOI?usp=drive_link,SIVANI LIVING (orchid house),https://maps.app.goo.gl/VPK1H1avdvQJFqCu9?g_st=ic,SIVANI CO LIVING ,https://youtube.com/shorts/fGXA-apNCFo,,,,,*(Varies by room category)*,,,
,ZONE BGM ,bgm madadevpura,"bagmane, mahadevapura,  cv raman","MWB , HARSH",,"extremely budget friendly, mini gym & games. definitely coliving ",10,D 13 14 /22 23,"Yep,  _*EAGER TO SEE THE ACCOMMODATION ?*_ 👀 

 *GHARPAYY - BGM MAX COED*  👉👉 https://stays.gharpayy.in/view?file=GG%20BGM%20MAX%20COED.pdf  ♥️
> FULLY FURNISHED WITH    FOOD & GREAT AMENITIES. IT'S HAND-PICKED FOR YOU 🔑 PREBOOK & UNLOCK DISCOUNTS 

*RATE OUT OF 10 ?* 🫢👌
 
> OR ASK QUESTIONS,  SO, WE CAN UNDERSTAND YOUR NEEDS ASAP & GET BEST ACCOMMODATION. 

Click To See - REFER N EARN","⚡️ Welcome to Gharpayy ZONE BGM- COED ! ⚡️ ❤️ We're thrilled you loved our rooms.🚀 *Exclusive Offer Alert:* **2K OFF MONTHLY** 

💛Dual Sharing. - ~Originally 17k~, **now just 15k!*
❤️Private rooms - ~Formerly 26k~, **now specially priced at 24k!*

💥 Act Fast: Lock in your reservation NOW and save 2000+ RS every month on a 3-month stay! *Offer expires in 4 hours. *Prebook* now for just 3k!*🔥   enjoy complimentary good food.","📍GHARPAYY ZONE BGM COED

🚀 Attention: Pre-Booking Required!   _enjoy a seamless experience upon arrival!_ 

🎯DESTINATION : https://maps.app.goo.gl/QuLYHW5y9i1yt1qQA

 _secure your spot before you regret it! See you soon in Bangalore!_🏃‍♂️💨",3 Time veg & non veg,https://drive.google.com/drive/folders/1hsdja02DllD-7Wfn_zR65gWoaWY8xlxo?usp=drive_link,BGM MAX NEAR PROPERTY ,https://maps.app.goo.gl/3fawpySFLrBkSYbK8,AK CLASSIC ,https://youtube.com/shorts/B6ePL5klrxE?feature=share,,,,,,,,
,HS AFFO COED,hsr layout ,Kudlu/ Hsr layout,"KORA , ASHMITA , ABHAYY",,,,10/18,,"⚡️ Welcome to Gharpayy HS AFFO  COED! ⚡️ ❤️ We're thrilled you loved our rooms.🚀 Exclusive Offer Alert: *2K OFF MONTHLY* 

💛Dual Sharing. - ~Originally 15k~, *now just 13k!
❤️Private rooms - ~Formerly 22k~, *now specially priced at 20K! 

💥 Act Fast: Lock in your reservation NOW and save 2000+ RS every month on a 3-month stay! Offer expires in 4 hours. *Prebook now for just 3k!*🔥   enjoy complimentary good food.","📍GHARPAYY HS AFFO COED ! 

🚀 Attention: Pre-Booking Required!   _enjoy a seamless experience upon arrival!_ 

🎯DESTINATION : https://maps.app.goo.gl/SHyAe6cYg1a2jZbu9

 _secure your spot before you regret it! See you soon in Bangalore!_🏃‍♂️💨",3 TIME VEG AND NON VEG ,https://drive.google.com/drive/folders/1a2KfTqAwn1MXRDSAnKZEKeCirO7zvBJP?usp=drive_link,Nesto Aloha Coliving PG,https://maps.app.goo.gl/o7Mo32h5swjdYDLq5,NESTO ,,,,,,*🛏️ In-Room Comforts*,,,
,MSR GIRLS ,ypr campus,MATHIKERE / MSR RAMMIAH COLLEGE ,ALL/YPR,,,,15/17/36,,"""⚡️ Welcome to Gharpayy MRS GIRLS! ⚡️ ❤️ We're thrilled you loved our rooms.🚀 *Exclusive Offer Alert:* **2K OFF MONTHLY** 

🧡Triple Sharing. - ~Was 19k~, **now only 17k!*
💛Dual Sharing. - ~Originally 21k~, **now just 19k!*
❤️Private rooms - ~Formerly 38k~, **now specially priced at 36k!*

💥 Act Fast: Lock in your reservation NOW and save 2000+ RS every month on a 3-month stay! *Offer expires in 4 hours. *Prebook* now for just 3k!*🔥   enjoy complimentary good food.""","""📍GHARPAYY MRS GIRLS!
 🚀 Attention: Pre-Booking Required!   enjoy a seamless experience upon arrival! 

🎯DESTINATION [https://maps.app.goo.gl/dTuHErb1p4gCjX5W6]

 secure your spot before you regret it! See you soon in Bangalore!🏃‍♂💨!""",3 TIME VEG AND NON VEG ,MSR GIRLS ,BLUEBELLS DAHILLA HOMES ,https://maps.app.goo.gl/pX3SUmywLZLvB5RVA,BLUEBELL X GHARPAYY ,https://youtube.com/shorts/viJt3kb5xkk,,,,,• Refrigerator,,,
,LUKAS COED ,BTM LAYOUT ,NEAR SILK BOARD METRO,"KORA, ALL/YPR",,extremely budget friendly,,11K/21K ,,"⚡ Welcome to Gharpayy LUKAS COED! ⚡ ❤ We're thrilled you loved our rooms.🚀 Exclusive Offer Alert: *2K OFF MONTHLY* 

💛Dual Sharing. - Originally 14k, *now just 12k!
❤Private rooms - Formerly 24k, *now specially priced at 22k!

💥 Act Fast: Lock in your reservation NOW and save 2000+ RS every month on a 2-month stay! Offer expires in few hours. *Prebook now for just 5k!""","""📍GHARPAYY LUKAS COED!
 🚀 Attention: Pre-Booking Required!   enjoy a seamless experience upon arrival! 

🎯DESTINATION [https://maps.app.goo.gl/mkyci6bSDxVZfkJeA]

 secure your spot before you regret it! See you soon in Bangalore!🏃‍♂💨!""       ",3 TIMES Veg  AND NON VEG ,LUKAS COED GG ,ROYAL SUIT HOUSE ,https://maps.app.goo.gl/jZH4cSfx3xYwzu9e6,LUKAS COED X GHARPAYY ,https://youtube.com/shorts/3Jnbujk0iTI,,,,,• Dedicated Workstation (Table & Chair),,,
,AUXX COED ,MAHADEVPURA ,"Areas accessible from FF21-PMC - Mahadevpura, Hoodi, Doddenakundi, Bagmane Tech Park, Bagmane World Technology Center, Karthik Nagar, BEML Layout, Thanisandra, Indiranagar, Jeevan Bhima Nagar, RMZ Tech Park, CV Raman Nagar)  ","MWB , MADHAV",,,,,,"⚡️ Welcome to Gharpayy AUXX COED⚡️
❤️ We're thrilled you loved our rooms.🚀 _Exclusive_ *PRE LAUNCH* _Offer Alert_: ~*UPTO 4K OFF MONTHLY*~

🧡Twin Deluxe - ~Was 20500k~, **now only 18500k!*
💛Twin Premium - ~Originally 23k~, **now just 21k!*
❤️Private Premium - ~Formerly 34k~, **now specially priced at 32K!*

💥 Act Fast: Lock in your reservation NOW and save 2000+ RS every month on a 3-month stay! *Offer expires in 24 hours. *Prebook* now for just 10k!*🔥 enjoy complimentary good food.","""📍GHARPAYY AUXX COED !
 🚀 Attention: Pre-Booking Required!   enjoy a seamless experience upon arrival! 

🎯DESTINATION [https://maps.app.goo.gl/t7n9UvmRVorKnMnj6]

 secure your spot before you regret it! See you soon in Bangalore!🏃‍♂💨!""       ",read the terms and condition ,AUXX COED GG,ff21 mahadevpura pmc ,FF21-PMC | Mahadevapura,gharpayy x ff21,https://youtube.com/shorts/pd2A40iu-mo?feature=share,,,,,• Wardrobe Organizer Sets,,,
,,,,,,,,,,,,,,FF21 PODS MAHADEVPURA ,FF21-PODS | Marathahalli,,,,,,,,,,
,MAXX COED ,Thubarahalli,,"MWB , MADHAV",,,,14000/17350/18450/34700/36950,,"""⚡️ Welcome to Gharpayy MAXX COED ⚡️
❤️ We’re thrilled you loved our rooms. 🚀 Exclusive PRE LAUNCH Offer Alert: ~UPTO 4K OFF MONTHLY~

🧡 Pods Single Basic – ~Was 18k~, now only 16k!
💛 Pods Single Deluxe – ~Originally 21k~, now just 19k!
❤️ Pods Single Premium – ~Formerly 22k~, now specially priced at 20k!

💛 Twin/Couple Deluxe – ~Originally 38k~, now just 36k!
❤️ Twin/Couple Premium – ~Formerly 40k~, now specially priced at 38k!

💥 Act Fast: Lock in your reservation NOW and save 2000+ RS every month on a 3-month stay! Offer expires in 24 hours.📌 Prebook now for just 10k! 🔥 Enjoy complimentary good food.""","""""""📍GHARPAYY MAXX  COED !
 🚀 Attention: Pre-Booking Required!   enjoy a seamless experience upon arrival! 

🎯DESTINATION [https://maps.app.goo.gl/gLsyacTfgpiaKf5c8]

 secure your spot before you regret it! See you soon in Bangalore!🏃‍♂💨!""""       """,read the terms and condition ,MAXX COED GGF,FF21 LIT - Thubarahalli,FF21-LIT | Thubarahalli,GHARPAYY X FF21,https://youtube.com/shorts/YtXKF8Sjb4A?feature=share,,,,,*COMMUNITY & LIFESTYLE SPACES*,,,
,HOOD  COED ,Kundanhalli,,"MADHAV , MWB",,,,"TWIN SHARING ROOMS 
15750/16950
STUDIO ROOMS 
19800/36600
POD ROOMS 
17950/19950
SINGLE ROOM 
28900/32000               ",,"""⚡️ Welcome to Gharpayy HOOD COED ⚡️
❤️ We’re thrilled you loved our rooms. 🚀 Exclusive PRE LAUNCH Offer Alert: ~UPTO 4K OFF MONTHLY~

TWIN SHARING ROOMS 
💛 Pods Single Deluxe – ~Originally 20k~, now just 18k!
❤️ Pods Single Premium – ~Formerly 21k~, now specially priced at 19k!                       
  STUDIO ROOMS 
💛 Twin Room – ~Originally 24k~, now just 22k!
❤️ Single Rooms– ~Formerly 40k~, now specially priced at 38k!
   PODS ROOMS 
💛 Pods Single Basic– ~Originally 21k~, now just 19k!
❤️ Pods Single Deluxe  – ~Formerly 24k~, now specially priced at 22k!                                              
  SINGLE ROOMS                                                                                                                                             💛 Twin/Couple Deluxe – ~Originally 32k~, now just 30k!
❤️ Twin/Couple Premium – ~Formerly 36k~, now specially priced at 34k!

💥 Act Fast: Lock in your reservation NOW and save 2000+ RS every month on a 3-month stay! Offer expires in 24 hours.📌 Prebook now for just 10k! 🔥 Enjoy complimentary good food.""","""""""📍GHARPAYY HOOD  COED !
 🚀 Attention: Pre-Booking Required!   enjoy a seamless experience upon arrival! 

🎯DESTINATION [https://maps.app.goo.gl/EkxZH5JPxmpuZbgs8]

 secure your spot before you regret it! See you soon in Bangalore!🏃‍♂💨!""""       """,read the terms and condition ,KDH COED ,FF21 - KDH ,FF21-KDH | Kundalahalli,GHARPAYY X FF21,https://youtube.com/shorts/AohbjwG4fdI?feature=share,,,,,"ALL-INCLUSIVE AMENITIES (BUILT INTO YOUR RENT) This isn’t a place to stay. It’s a system designed to remove friction from daily life.                             
🧹 Housekeeping
* Professional cleaning twice a week, based on room type

🍽️ Food (Weekdays)
* Breakfast & Dinner
* Monday to Friday

⚙️ Utilities & Daily Essentials
* Maintenance & Water
* RO Drinking Water
* High-Speed Wi-Fi
* Scheduled Pest Control
* 24×7 CCTV & Security

🧺 Laundry Support 2–4 Laundry Coupons
(Varies by room category)

🛏️ In-Room Comforts
* Refrigerator
* Dedicated Workstation (Table & Chair)
* Wardrobe Organizer Sets

 COMMUNITY & LIFESTYLE SPACES

🎯 Social & Recreation
* Game Room: Table Tennis, Pool, Foosball
* Board Games
* PS4 Gaming Console

🎬 Entertainment Zones
* Home Theater with Netflix, Prime & Hotstar
* TV with Tata Sky in common areas

🏡 Shared Living Spaces
* Lounge Area • Dining Area
* Sky Deck & Terrace Access

 Self-Use Convenience* • Fully equipped self-cooking kitchen stations

 TRANSPARENCY, ALWAYS
* Electricity charged on actual consumption
* All prices are inclusive of applicable taxes and charges

Designed for people who value time, comfort, and clarity. Everything you need. Nothing you need to chase.",,,
,MUNE COED ,Marathahalli. Aecs,Kundanhalli,"MWB , RIYA, HARSH",,,,11/20,,"⚡️ Welcome to Gharpayy MUNE COED! ⚡️ ❤️ We're thrilled you loved our rooms.🚀 Exclusive Offer Alert: *2K OFF MONTHLY* 

💛Dual Sharing. - ~Originally 15k~, *now just 13k!
❤️Private rooms - ~Formerly 22k~, *now specially priced at 20K! 

💥 Act Fast: Lock in your reservation NOW and save 2000+ RS every month on a 3-month stay! Offer expires in 4 hours. *Prebook now for just 3k!*🔥   enjoy complimentary good food.","""""""📍GHARPAYY  MUNE  COED !
 🚀 Attention: Pre-Booking Required!   enjoy a seamless experience upon arrival! 

🎯DESTINATION [https://maps.app.goo.gl/oS1iuL4KF4Lt4YQcA]

 secure your spot before you regret it! See you soon in Bangalore!🏃‍♂💨""""""",3 times veg and non veg ,MUNE COED GG,lSankalpa Co-live & Guest Room lavander house ,Sankalpa Co-live & Guest Room,gharpayy x mune ,https://youtube.com/shorts/505HDKfUjO4?feature=share,,,,,*🎯 Social & Recreation*,,,
,BROOK LUXE COED,ACES/BROOKFIELD ,,,,,,15/25,,"⚡️ Welcome to Gharpayy BROOK LUXE COED ! ⚡️ ❤️ We're thrilled you loved our rooms.🚀 Exclusive Offer Alert: *2K OFF MONTHLY* 

💛Dual Sharing. - ~Originally 17k~, *now just 15k!
❤️Private rooms - ~Formerly 27k~, *now specially priced at 25K! 

💥 Act Fast: Lock in your reservation NOW and save 2000+ RS every month on a 3-month stay! Offer expires in 4 hours. *Prebook now for just 3k!*🔥   enjoy complimentary good food.","""""""📍GHARPAYY  BROOK LUXE COED !
 🚀 Attention: Pre-Booking Required!   enjoy a seamless experience upon arrival! 

🎯DESTINATION [https://maps.app.goo.gl/mb7QMz6Tiq1yHtei9]

 secure your spot before you regret it! See you soon in Bangalore!🏃‍♂💨""""""",3 TIMES VEG AND NON VEG ,BROOK LUXE COED GG,aa sparrow nest premium co living pg ,https://maps.app.goo.gl/wmdW2nYWY2LNFrL47,GHARPAYY X AA SPARROW ,https://youtube.com/shorts/TTx5Qj1MkC4?feature=share,,,,,"• Game Room: Table Tennis, Pool, Foosball",,,
,SJR AFFO COED,SARJAPUR/ BELLANDUR ,,,5K DEPOSIT ( 3K REFUND),,,9/18,,"⚡️ Welcome to Gharpayy SJR AFFOCOED ! ⚡️ ❤️ We're thrilled you loved our rooms.🚀 Exclusive Offer Alert: *2K OFF MONTHLY* 

💛Dual Sharing. - ~Originally 14k~, *now just 12k!
❤️Private rooms - ~Formerly 23k~, *now specially priced at 21K! 

💥 Act Fast: Lock in your reservation NOW and save 2000+ RS every month on a 3-month stay! Offer expires in 4 hours. *Prebook now for just 3k!*🔥   enjoy complimentary good food.","""""""📍GHARPAYY  SJR AFFO COED !
 🚀 Attention: Pre-Booking Required!   enjoy a seamless experience upon arrival! 

🎯DESTINATION [https://maps.app.goo.gl/vCsVhjBrjCeQMbHS8?g_st=ic]

 secure your spot before you regret it! See you soon in Bangalore!🏃‍♂💨""""""",3 TIMES VEG AND NON VEG,https://drive.google.com/drive/folders/1rZfYIj-atndxOlSS2wzdV9K0hOU52DeP?usp=drive_link,CABANAN WILLOW LUXE COED ,https://maps.app.goo.gl/Nyd9eEnxd37paeH4A,GHARPAYY X CABANANAN ,https://youtube.com/shorts/yH4i1Qm9zvs?feature=share,,,,,• Board Games,,,
,KoraVill Girls,KORAMANGALA/EJIPURA ,,,,,,8/11/20,,"⚡️ Welcome to Gharpayy KoraVill Girls! ⚡️ ❤️ We're thrilled you loved our rooms.🚀 Exclusive Offer Alert: *2K OFF MONTHLY* 

🧡Triple Sharing. - ~Was 13k~, *now only 11K!
💛Dual Sharing. - ~Originally 15k~, *now just 13k!
❤️Private rooms - ~Formerly 24k~, *now specially priced at 22K! 

💥 Act Fast: Lock in your reservation NOW and save 2000+ RS every month on a 3-month stay! Offer expires in 4 hours. *Prebook now for just 3k!*🔥   enjoy complimentary good food.","""GHARPAYY KORAVILL GIRLS !
 🚀 Attention: Pre-Booking Required!   _enjoy a seamless experience upon arrival!_ 

🎯DESTINATION [https://maps.app.goo.gl/SFHBbpj2hKuKBLCQA]

 _secure your spot before you regret it! See you soon in Bangalore!_🏃‍♂️💨""",3 TIMES VEG AND NON VEG,https://drive.google.com/drive/folders/1ak2lyyZf99P-IjIGsupgcNYkAgLkfr6h?usp=drive_link,monika ladies pg ,https://maps.app.goo.gl/z3VeNo869BTD2R5Z6?g_st=iw,,https://youtube.com/shorts/XL8wdEkR6_8?feature=share,,,,,• PS4 Gaming Console,,,
,WHITE AFFO COED ,wfd,,,,,,,,,"GHARPAYY WHITE AFFO COED ! 
🚀 Attention: Pre-Booking Required! enjoy a seamless experience upon arrival! 

🎯DESTINATION : [https://maps.app.goo.gl/wKmtjfB2BagLQuTUA]

Secure your spot before you regret it! See you soon in Bangalore!🏃‍♂️💨",2 TIMES FOOD ,https://drive.google.com/drive/folders/10ccPgBuSBrukuB5mnK18oaHgTI-AFeBy?usp=drive_link,,,,https://youtube.com/shorts/XL8wdEkR6_8?feature=share,,,,,,,,
,CAZZ COED ,SAMPANGI RAM NAGAR,,,,,,,,"⚡️ Welcome to Gharpayy CAZZ COED! ⚡️ ❤️ We're thrilled you loved our rooms.🚀 Exclusive Offer Alert: *2K OFF MONTHLY* 

🧡Triple Sharing. - ~Was 13k~, *now only 11K!
💛Dual Sharing. - ~Originally 18k~, *now just 16k!
❤️Private rooms - ~Formerly 27k~, *now specially priced at 25K! 

💥 Act Fast: Lock in your reservation NOW and save 2000+ RS every month on a 3-month stay! Offer expires in 4 hours. *Prebook now for just 3k!*🔥   enjoy complimentary good food.","GHARPAYY CAZZ COED  ! 
🚀 Attention: Pre-Booking Required! enjoy a seamless experience upon arrival! 

🎯DESTINATION : [https://maps.app.goo.gl/uitq6nTLDJ6Eb3mHA]

Secure your spot before you regret it! See you soon in Bangalore!🏃‍♂️💨",3 TIMES VEG FOOD ,,CARMINE COED (JUST MOVE IN),https://maps.app.goo.gl/sKQP9ZLBQ6ZddS9e8,GHARPAYY X JUST MOVE IN,,,,,,*🎬 Entertainment Zones*,,,
,SWISS LUXE COED ,BROOKFIELD ,MARATHALLI ,,,,,10.5/11/15/16/28,,"""⚡️ Welcome to Gharpayy SWISS LUXECOED ! ⚡️
❤️ We’re thrilled you loved our rooms. 🚀 Exclusive PRE LAUNCH Offer Alert: ~UPTO 4K OFF MONTHLY~

🧡Triple Sharing Deluxe – ~Was 15k~, now only 13k!
💛Triple Sharing Premium – ~Originally 15.5k~, now just 13.5k!
❤️ Twin Sharing Deluxe – ~Formerly 20k~, now specially priced at 18k!
❤️ Twin Sharing Premium – ~Formerly 21k~, now specially priced at 19k!
❤️ Private Suit – ~Formerly 32k~, now specially priced at 30k!

💥 Act Fast: Lock in your reservation NOW and save 2000+ RS every month on a 3-month stay! Offer expires in 24 hours.📌 Prebook now for just 10k! 🔥 Enjoy complimentary good food.""","GHARPAYY SWISS LUXE  COED  ! 
🚀 Attention: Pre-Booking Required! enjoy a seamless experience upon arrival! 

🎯DESTINATION : [https://maps.app.goo.gl/jp8kzUsJD1pdBck3A]

Secure your spot before you regret it! See you soon in Bangalore!🏃‍♂️💨",3 TIMES VEG/NON VEG ,https://drive.google.com/drive/folders/1_ginhhc82xCmhT7k-PfxB6qnYv_qzKd7?usp=drive_link,ASTRA GRANDE COLIVING,https://maps.app.goo.gl/2efsDGuqzqboYLmw6,GHARPAYY X ASTRA , https://youtube.com/shorts/LlVNnwzA4lo?feature=share,79961 55599,ASTRA ,79961 55599,,"• Home Theater with Netflix, Prime & Hotstar",,,
,FINN AFFO COED ,MAHADEVPURA ,,,,,,9.5/14/23/24,,"⚡️ Welcome to Gharpayy FIN AFFO  COED! ⚡️ ❤️ We're thrilled you loved our rooms.🚀 Exclusive Offer Alert: *2K OFF MONTHLY* 

🧡Triple Sharing. - ~Was 13.5k~, *now only 11.5K!
💛Dual Sharing. - ~Originally 18k~, *now just 16k!
❤️Private rooms - ~Formerly 27k~, *now specially priced at 25K! 

💥 Act Fast: Lock in your reservation NOW and save 2000+ RS every month on a 3-month stay! Offer expires in 4 hours. *Prebook now for just 3k!*🔥   enjoy complimentary good food.","GHARPAYY FIN AFFO  COED  ! 
🚀 Attention: Pre-Booking Required! enjoy a seamless experience upon arrival! 

🎯DESTINATION : [https://maps.app.goo.gl/RoBKiSqP2E6fgqZR9]

Secure your spot before you regret it! See you soon in Bangalore!🏃‍♂️💨",3 TIMES VEG/NON VEG ,https://drive.google.com/drive/folders/1O4kN80RQBv1upVNZS-QP1-6M-6Qnd0vt?usp=drive_link,sv coliving ,https://maps.app.goo.gl/Tk17Hk2ZakEa88nC6?g_st=awb,gharpayy x sv ,https://youtube.com/shorts/c41iNBzPIy4?feature=share,,,,,• TV with Tata Sky in common areas,,,
,SO AFFO BOYS ,SG PALYA ,KORAMANGALA ,,,,,8/10/11/12/18,,"""⚡️ Welcome to Gharpayy SO AFFO BOYS ! ⚡️
❤️ We’re thrilled you loved our rooms. 🚀 Exclusive PRE LAUNCH Offer Alert: ~UPTO 4K OFF MONTHLY~

🧡Four Sharing Deluxe – ~Was 12k~, now only 10k!
💛Triple Sharing Premium – ~Originally 14k~, now just 12k!
❤️ Twin Sharing Deluxe – ~Formerly 14k~, now specially priced at 12k!
❤️ Twin Sharing Premium – ~Formerly 16k~, now specially priced at 14k!
❤️ Private Suit – ~Formerly 22k~, now specially priced at 20k!

💥 Act Fast: Lock in your reservation NOW and save 2000+ RS every month on a 3-month stay! Offer expires in 24 hours.📌 Prebook now for just 10k! 🔥 Enjoy complimentary good food.""","GHARPAYY SO AFFO BOYS ! 
🚀 Attention: Pre-Booking Required! enjoy a seamless experience upon arrival! 

🎯DESTINATION : [https://maps.app.goo.gl/RyTABto1RdB1ita36]

Secure your spot before you regret it! See you soon in Bangalore!🏃‍♂️💨",3 TIMES VEG AND NON VEG ,https://drive.google.com/drive/folders/15SYRWyqbGIudGqqJVk3_3IVDqgXtorFj?usp=drive_link,SHREE COMFORTS ,https://maps.app.goo.gl/RyTABto1RdB1ita36,,,9177710663,SUNILL,9177710663,,,,,
,ACE FLAT LIKE  COED ,KORAMANGLA/SG PALYA ,,,,FLAT STYLE PG ,,14/25,,"⚡ Welcome to Gharpayy ACE FLAT LIKE COED! ⚡ ❤ We're thrilled you loved our rooms.🚀 Exclusive Offer Alert: *2K OFF MONTHLY* 

💛Twin Sharing - ~Originally 18k~, *now just 16k!
❤️Private rooms - ~Formerly 29k~, *now specially priced at 27k!

💥 Act Fast: Lock in your reservation NOW and save 2000+ RS every month on a 2-month stay! Offer expires in few hours. *Prebook now for just 5k!","GHARPAYY ACE FLAT LIKE COED  ! 
🚀 Attention: Pre-Booking Required! enjoy a seamless experience upon arrival! 

🎯DESTINATION : [https://maps.app.goo.gl/K8Fmcjgdcpx43Z6B8]

Secure your spot before you regret it! See you soon in Bangalore!🏃‍♂️💨",3 TIMES VEG/NON VEG ,ZEDD LUXE COED ,UMA STAYS ,https://maps.app.goo.gl/K8Fmcjgdcpx43Z6B8,,https://youtube.com/shorts/g6iqnRbZFrc?feature=share,7348821210,PRITHVII ,7348821210,,*🏡 Shared Living Spaces*,,,
,BIGR GIRLY,BANNERGHATTA,,,,,,13K ,,"⚡ Welcome to Gharpayy BIGR GIRLY GILRS! ⚡ ❤ We're thrilled you loved our rooms.🚀 Exclusive Offer Alert: 2K OFF MONTHLY 💛Dual Sharing. - Originally 17k, *now just 15k!💥 Act Fast: Lock in your reservation NOW and save 2000+ RS every month on a 3-month stay! Offer expires in 4 hours. Prebook now for just 5k!🔥   enjoy complimentary good food.",📍GHARPAYY  BIGR GIRLY! 🚀 Attention: Pre-Booking Required!   enjoy a seamless experience upon arrival! 🎯DESTINATION [https://maps.app.goo.gl/DZ6rdc3qPx7JkGVu8] secure your spot before you regret it! See you soon in Bangalore!🏃‍♂💨!,3 times veg / non veg ,BIGRGIRLY GG ,my roomie ,https://maps.app.goo.gl/ZvA6mmanCU3nf3jH8?g_st=awb,,,63667 88667,mng ,63667 88667,mng ,• Lounge Area • Dining Area,,,
,REO GIRLS ,HSR LAYOUT ,,,,,,"13.5 - 2s
9.5 - 3s
8k - 4s

25k - 1s",,"""""""⚡️ Welcome to Gharpayy REO GIRLS  ! ⚡️
❤️ We’re thrilled you loved our rooms. 🚀 Exclusive PRE LAUNCH Offer Alert: ~UPTO 4K OFF MONTHLY~

🧡Four Sharing Deluxe – ~Was 12k~, now only 10k!
💛Triple Sharing Premium – ~Originally 14k~, now just 12k!
❤️ Twin Sharing Deluxe – ~Formerly 18k~, now specially priced at 16k!
❤️ Private Suit – ~Formerly 29k~, now specially priced at 27k!

💥 Act Fast: Lock in your reservation NOW and save 2000+ RS every month on a 3-month stay! Offer expires in 24 hours.📌 Prebook now for just 10k! 🔥 Enjoy complimentary good food.""""""","""📍GHARPAYY REO GIRLS !
 🚀 Attention: Pre-Booking Required!   enjoy a seamless experience upon arrival! 

🎯DESTINATION [https://maps.app.goo.gl/URJLwPHTm1zE5NAY7?g_st=ipc]

 secure your spot before you regret it! See you soon in Bangalore!🏃‍♂💨!""",3 times veg / non veg ,https://drive.google.com/drive/folders/1aI6h5RQzUllqbT-OK2EmONOIgmU9CSfD?usp=drive_link,"
NAGGACHAITTANYAPG GIRLS ",https://maps.app.goo.gl/MU2umguSqhatJMhX8,GHARPAYY X ZIO ,https://youtube.com/shorts/YC7fYCC7EEU?feature=share, 96206 53456,LADIES PG ,90191 63445,VEKANT REDDY ,• Sky Deck & Terrace Access,,,
,ZIO COED ,HSR LAYOUT ,,,,,,"13.5 - 2s
9.5 - 3s
8k - 4s

25k - 1s",,"""""""⚡️ Welcome to Gharpayy ZIO COED  ! ⚡️
❤️ We’re thrilled you loved our rooms. 🚀 Exclusive PRE LAUNCH Offer Alert: ~UPTO 4K OFF MONTHLY~

🧡Four Sharing Deluxe – ~Was 12k~, now only 10k!
💛Triple Sharing Premium – ~Originally 14k~, now just 12k!
❤️ Twin Sharing Deluxe – ~Formerly 18k~, now specially priced at 16k!
❤️ Private Suit – ~Formerly 29k~, now specially priced at 27k!

💥 Act Fast: Lock in your reservation NOW and save 2000+ RS every month on a 3-month stay! Offer expires in 24 hours.📌 Prebook now for just 10k! 🔥 Enjoy complimentary good food.""""""","""📍GHARPAYY ZIO COED !
 🚀 Attention: Pre-Booking Required!   enjoy a seamless experience upon arrival! 

🎯DESTINATION [https://maps.app.goo.gl/URJLwPHTm1zE5NAY7?g_st=ipc]

 secure your spot before you regret it! See you soon in Bangalore!🏃‍♂💨!""",3 TIMES VEG/NON VEG,,"
NAGGACHAITTANYAPG COLIVE ",https://maps.app.goo.gl/MU2umguSqhatJMhX8,GHARPAYY X ZIO ,https://youtube.com/shorts/mkyRva4VtVY?feature=share, 81053 84255,COLIVE PG ,90191 63445,VEKANT REDDY ,,,,
,AMEX LUXE BALC COED ,WHITEFIELD ,"H M Tech Park

~0.55 km

Titanium Tech Park

~1.1 km

International Tech Park Bengaluru (ITPB)

~2.3 km",,,,,"5999/8999/16999 (without food )Food charges are as below:
Breakfast only- 2000/- RS
Breakfast and Dinner - 3600-Rs
Three meal plans- 5000/-", ,"⚡️ Welcome to Gharpayy AMEX LUXE COED ! ⚡️ ❤️ We're thrilled you loved our rooms.🚀 Exclusive Offer Alert: *2K OFF MONTHLY* 

💛Dual Sharing. - ~Originally 16k~, *now just 14k!
❤️Private rooms - ~Formerly 25k~, *now specially priced at 23K! 

💥 Act Fast: Lock in your reservation NOW and save 2000+ RS every month on a 3-month stay! Offer expires in 4 hours. *Prebook now for just 5k!*🔥   enjoy complimentary good food. PLUS FREE LAUNDRY.","""📍GHARPAYY  ! AMEX LUXE COED
 🚀 Attention: Pre-Booking Required!   enjoy a seamless experience upon arrival! 

🎯DESTINATION [https://maps.app.goo.gl/sPQq1pucQw4otj9m9 ]

 secure your spot before you regret it! See you soon in Bangalore!🏃‍♂💨!""       ",3 TIMES VEG/NON VEG ,https://drive.google.com/drive/folders/1M6tM_CftZQS5f0OKs-Cw1hCXzrqz6G0X?usp=drive_link,truliv luna ,https://maps.app.goo.gl/K92pdzARdwwRoctt7,AMEX X GHARPAYY ,https://youtube.com/shorts/HsLr0WK0OC0?feature=share,,,9150005173,NIMALAN ,"✨ *Everything you need for a comfortable, hassle-free stay — all included.*

✅ *Daily Meals* — Fresh Breakfast, Lunch & Dinner
✅ *Laundry Service* — Up to 25 kg per month
✅ *Utilities Covered* — Electricity, maintenance & convenience charges included
✅ *Housekeeping* — Scheduled room cleaning for a clean living experience

🏢 *Lifestyle Amenities*
• 
• Gaming zone — Pool Table, Table Tennis, Foosball & Carrom
• Rooftop lounge access
• Community movie screenings



Designed for comfort, convenience, and a premium living experience.","Amenities & Facilities

• In-room Google Smart TV (Bedroom)
• 25 kg laundry per month
• Private balcony in every bedroom
• EV bikes on rental 
• Unlimited Wi-Fi
• Fan & lighting (Bedroom)
• Bed with storage & side table
• Cupboard & charging points

Common Areas & Utilities
• RO water
• Refrigerator
• Fully equipped common kitchen (Stove & Oven)
• Iron & ironing board

Facilities & Recreation
• Lift
• Gaming zone – Pool Table, Table Tennis, Carrom & Foosball
• Projector for live match & movie screenings
• Dining area
• Open terrace lounge

Safety & Comfort
• Biometric access
• 24/7 security
• 24/7 hot water
• 24/7 power backup",,
MARIGOLD SIVANI ,ZIVO COED ,BTM LAYOUT ,MADIWALA ,,UTILITY - 3K FOR SINGLE SHARING 1.5K FOR DOUBLE SHARING ,,,D11.5K - 12K /S19.5K-20.5K,,"⚡️ Welcome to Gharpayy  ZIVO COED⚡️
❤️ We're thrilled you loved our rooms.🚀 _Exclusive_ *PRE LAUNCH* _Offer Alert_: ~*UPTO 4K OFF MONTHLY*~

🧡Twin Deluxe - ~Was 15.5k~, **now only 13.5k!*
💛Twin Premium - ~Originally 16k~, **now just 14k!*
❤️Private Deluxe - ~Formerly 23.5k~, **now specially priced at 21.5k!*
❤️Private Premium - ~Formerly 24.5k~, **now specially priced at 22.5K!*

💥 Act Fast: Lock in your reservation NOW and save 2000+ RS every month on a 3-month stay! *Offer expires in 24 hours. *Prebook* now for just 10k!*🔥 enjoy complimentary good food.\","""📍GHARPAYY! ZIVO  COED
 🚀 Attention: Pre-Booking Required!   enjoy a seamless experience upon arrival! 

🎯DESTINATION [https://maps.app.goo.gl/rdtPFH6XMWVDAgwaA]

 secure your spot before you regret it! See you soon in Bangalore!🏃‍♂💨!""       ",3 TIMES VEG/NON VEG ,https://drive.google.com/drive/folders/1BucUNGLaCbTDIErdBmuIkkbtH8IbU4Qc?usp=drive_link,MARIGOLD SIVANI ,https://maps.app.goo.gl/n5nxbt2u52mxFWyZ9,,,,,,,,,,
,BEZEL LUXE COED ,BROOKFIELD ," marathalli,brookfiedl,kundanhalli, ",,,FLAT LIKE PG ,,36K S,,"⚡️ Welcome to Gharpayy BEZEL LUXE COED ! ⚡️ ❤️ We're thrilled you loved our rooms.🚀 Exclusive Offer Alert: *2K OFF MONTHLY* 

💛Dual Sharing. - ~Originally k~, *now just k!
❤️Private rooms - ~Formerly 40k~, *now specially priced at 38K! 

💥 Act Fast: Lock in your reservation NOW and save 2000+ RS every month on a 3-month stay! Offer expires in 4 hours. *Prebook now for just 5k!*🔥   enjoy complimentary good food. PLUS FREE LAUNDRY.","""📍GHARPAYY!  BEZEL LUXE COED ! 
 🚀 Attention: Pre-Booking Required!   enjoy a seamless experience upon arrival! 

🎯DESTINATION [https://maps.app.goo.gl/mot4tq5ZdE8X4Qs78]

 secure your spot before you regret it! See you soon in Bangalore!🏃‍♂💨!""       ",3 times food ,,Jyothis living spaces,https://maps.app.goo.gl/qCfNfRcWz1SvAcvw8,,,,,,,,,,
,AZELOO LUXE COED ,BROOKFIELD ," marathalli,brookfiedl,kundanhalli, ",,,FLATLIKE PG ,,36K S ,,"⚡️ Welcome to Gharpayy AZEELO LUXE COED ! ⚡️ ❤️ We're thrilled you loved our rooms.🚀 Exclusive Offer Alert: *2K OFF MONTHLY* 

💛Dual Sharing. - ~Originally k~, *now just k!
❤️Private rooms - ~Formerly 40k~, *now specially priced at 38K! 

💥 Act Fast: Lock in your reservation NOW and save 2000+ RS every month on a 3-month stay! Offer expires in 4 hours. *Prebook now for just 5k!*🔥   enjoy complimentary good food. PLUS FREE LAUNDRY.","""📍GHARPAYY!  AZELOO LUXE COED ! 
 🚀 Attention: Pre-Booking Required!   enjoy a seamless experience upon arrival! 

🎯DESTINATION [https://maps.app.goo.gl/mot4tq5ZdE8X4Qs78]

 secure your spot before you regret it! See you soon in Bangalore!🏃‍♂💨!""       ",3 times food ,,Jyothis living spaces,https://maps.app.goo.gl/qCfNfRcWz1SvAcvw8,,,,,,,,,,
,SJR FLAT LIKE COED ,SARJAPUR ,NEAR WIPRO OFFICE JUST 750M ,,,FLATLIKE PG , ,"Deposit dual & single is 10k
Maintenance single 6k
Maintenance dual 5k",,"""⚡️ Welcome to Gharpayy SJR FLATLIKE COED ! ⚡️ ❤️ We're thrilled you loved our rooms.🚀 Exclusive Offer Alert: *2K OFF MONTHLY* 

💛Dual Sharing. - ~Originally 14k~, *now just 12k!
❤️Private rooms - ~Formerly 26k~, *now specially priced at 24K! 

💥 Act Fast: Lock in your reservation NOW and save 2000+ RS every month on a 3-month stay! Offer expires in 4 hours. *Prebook now for just 5k!*🔥   enjoy complimentary good food. PLUS FREE LAUNDRY.""","""📍GHARPAYY! SJR FLAT LIKE COED ! 
 🚀 Attention: Pre-Booking Required!   enjoy a seamless experience upon arrival! 

🎯DESTINATION [https://maps.app.goo.gl/LCCXozpGFfmhTTeW8]

 secure your spot before you regret it! See you soon in Bangalore!🏃‍♂💨!""       ",3 TIMES FOOD ,https://drive.google.com/drive/folders/1dojuBqcN-gQlwOKdfOKWaxvrUx1Ot4xF?usp=drive_link,SURYA  FLAT LIKE HOMES ,https://maps.app.goo.gl/TqzABUb7KvLE1pEo9,GHARPAYY X SJR FLATLIKE ,,,,,,,,,
,LIVELY  COED ,BELLANDUR ,"MARATHALLI,KADUBEENSHALLI, JP MORGAN, GOLDMAN SACHS ",,,BUDGET FRIENDLY PG ,,"Double  14k
Single  26k",,"""""""⚡️ Welcome to Gharpayy LIVILEY COED ! ⚡️ ❤️ We're thrilled you loved our rooms.🚀 Exclusive Offer Alert: *2K OFF MONTHLY* 

💛Dual Sharing. - ~Originally 19k~, *now just 17k!
❤️Private rooms - ~Formerly 30k~, *now specially priced at 28K! 

💥 Act Fast: Lock in your reservation NOW and save 2000+ RS every month on a 3-month stay! Offer expires in 4 hours. *Prebook now for just 5k!*🔥   enjoy complimentary good food. PLUS FREE LAUNDRY.""""""","""📍GHARPAYY!  LIVELY COED ! 
 🚀 Attention: Pre-Booking Required!   enjoy a seamless experience upon arrival! 

🎯DESTINATION [https://maps.app.goo.gl/3QBk75nXT1od49Aq9]

 secure your spot before you regret it! See you soon in Bangalore!🏃‍♂💨!""       ",3 TIMES FOOD,https://drive.google.com/drive/folders/19qKaOGpuxfRRmbQxs9xD_627txZuiIVM?usp=drive_link,PIXEL ,https://maps.app.goo.gl/MJ3QCmKLNyuMZHR99,PIXEL X GHARPAYY ,,81878 67650,PIXEL ,81878 67650,,,,,
,ZEDD COED ,KORAMANGALA,NEXUS MALL -1.1KM ,,NEAR TO ROAR COED ,BUDGET FRIENDLY PG ,,DOUBLE - 12K SINGLE -18K ,,"""""""⚡️ Welcome to Gharpayy ZEDD COED ! ⚡️ ❤️ We're thrilled you loved our rooms.🚀 Exclusive Offer Alert: *2K OFF MONTHLY* 

💛Dual Sharing. - ~Originally 16k~, *now just 14k!
❤️Private rooms - ~Formerly 22k~, *now specially priced at 20K! 

💥 Act Fast: Lock in your reservation NOW and save 2000+ RS every month on a 3-month stay! Offer expires in 4 hours. *Prebook now for just 5k!*🔥   enjoy complimentary good food. PLUS FREE LAUNDRY.""""""","""📍GHARPAYY! ZEDD COED ! 
 🚀 Attention: Pre-Booking Required!   enjoy a seamless experience upon arrival! 

🎯DESTINATION [https://maps.app.goo.gl/XEcFaaPh6jtkTJXW9?g_st=ic]

 secure your spot before you regret it! See you soon in Bangalore!🏃‍♂💨!""       ",3 TIMES FOOD ,https://drive.google.com/drive/folders/1q5N3rlEbj5uW-0ZCeKCcLQ2og4X6wzWb?usp=drive_link,NEW VRL COLIVE ,https://maps.app.goo.gl/Qhce67YDwBeukU3C9,,,90144 12849,~Anumanthu Rajuyadav,,,,,,
,MAQ COED A,,,,,,,,,,,,,,,,,,,,,,,,